"","제목","tag1","tag2","tag3","tag4","tag5","tag6"
"1","(더빙) GO 아스트로 보이 Go!","발랄가볍","귀여움",NA,NA,NA,NA
"2","(더빙) 가면라이더 Dr.팩맨 vs 이그제이드","히어로",NA,NA,NA,NA,NA
"3","(더빙) 가면라이더 X 파워레인저 초 슈퍼 히어로 대전","히어로","로봇",NA,NA,NA,NA
"4","(더빙) 가면라이더 고스트 100개의 아이콘과 고스트 : 운명의 순간","히어로",NA,NA,NA,NA,NA
"5","(더빙) 가면라이더 고스트 리:버스 가면라이더 스펙터","히어로",NA,NA,NA,NA,NA
"6","(더빙) 가면라이더 뉴 제네레이션 FOREVER","히어로",NA,NA,NA,NA,NA
"7","(더빙) 가면라이더 빌드","히어로",NA,NA,NA,NA,NA
"8","(더빙) 가면라이더 빌드 : Be The One","히어로",NA,NA,NA,NA,NA
"9","(더빙) 가면라이더 이그제이드 외전 : 겜마 vs 레이저","히어로",NA,NA,NA,NA,NA
"10","(더빙) 가면라이더 이그제이드 외전 : 브레이브 & 스나이프","히어로",NA,NA,NA,NA,NA
"11","(더빙) 가면라이더 이그제이드 외전 : 패러독스 with 뽀삐","히어로",NA,NA,NA,NA,NA
"12","(더빙) 가면라이더 이그제이드 트루엔딩","히어로",NA,NA,NA,NA,NA
"13","(더빙) 가면라이더 지오","히어로",NA,NA,NA,NA,NA
"14","(더빙) 가면라이더 지오 Over Quartzer","히어로",NA,NA,NA,NA,NA
"15","(더빙) 가면라이더 파이널 빌드 & 이그제이드 with 레전드 라이더","히어로",NA,NA,NA,NA,NA
"16","(더빙) 갓 오브 하이스쿨","이능력","먼치킨",NA,NA,NA,NA
"17","(더빙) 갓파 쿠와 여름방학을","요괴 및 괴물","발랄가볍",NA,NA,NA,NA
"18","(더빙) 강철의 연금술사 BROTHERHOOD","먼치킨",NA,NA,NA,NA,NA
"19","(더빙) 겨울왕국의 무민","발랄가볍","귀여움",NA,NA,NA,NA
"20","(더빙) 고 녀석 맛나겠다","공룡",NA,NA,NA,NA,NA
"21","(더빙) 공룡메카드 스페셜 : 신비의 놀이동산","로봇","발랄가볍","자동차",NA,NA,NA
"22","(더빙) 괴도 조커","도둑","발랄가볍",NA,NA,NA,NA
"23","(더빙) 괴도 조커 2기","도둑","발랄가볍",NA,NA,NA,NA
"24","(더빙) 괴도 키드 스페셜","도둑","탐정","먼치킨",NA,NA,NA
"25","(더빙) 괴물의 아이","선생님",NA,NA,NA,NA,NA
"26","(더빙) 극장판 나루토 : 대흥분! 초승달 섬의 애니멀 소동","이능력","먼치킨",NA,NA,NA,NA
"27","(더빙) 극장판 다이노 마이 프렌드","공룡",NA,NA,NA,NA,NA
"28","(더빙) 극장판 보루토 : 나루토 더 무비","이능력","먼치킨",NA,NA,NA,NA
"29","(더빙) 극장판 오소마츠 6쌍둥이","발랄가볍","쌍둥이",NA,NA,NA,NA
"30","(더빙) 극장판 원피스 11기: 밀짚모자 체이스","이능력","카리스마",NA,NA,NA,NA
"31","(더빙) 극장판 원피스 1기 : 황금의 대해적 우난","이능력","카리스마",NA,NA,NA,NA
"32","(더빙) 극장판 원피스 2기 : 네지마키 섬의 모험","이능력","카리스마",NA,NA,NA,NA
"33","(더빙) 극장판 원피스 3기 : 진기한 동물섬의 쵸파왕국","이능력","카리스마",NA,NA,NA,NA
"34","(더빙) 극장판 원피스 4기 : 데드 엔드의 모험","이능력","카리스마",NA,NA,NA,NA
"35","(더빙) 극장판 원피스 5기 : 저주받은 성검","이능력","카리스마",NA,NA,NA,NA
"36","(더빙) 극장판 원피스 6기 : 오마츠리 남작과 비밀의 섬","이능력","카리스마",NA,NA,NA,NA
"37","(더빙) 극장판 원피스 7기 : 기계태엽성의 메카 거병","이능력","카리스마",NA,NA,NA,NA
"38","(더빙) 극장판 원피스 8기 : 사막의 공주와 해적들","이능력","카리스마",NA,NA,NA,NA
"39","(더빙) 극장판 원피스 9기 : 에피소드 오브 쵸파","이능력","카리스마",NA,NA,NA,NA
"40","(더빙) 극장판 테니스의 왕자: 영국식 테니스성 결전","교복","미소년","먼치킨",NA,NA,NA
"41","(더빙) 극장판 햄토리 하무드 왕국의 공주님을 구하라","발랄가볍","귀여움",NA,NA,NA,NA
"42","(더빙) 극장판 햄토리 햄토리와 신기한 도깨비 그림탑","발랄가볍","귀여움",NA,NA,NA,NA
"43","(더빙) 기기괴괴 성형수","귀신",NA,NA,NA,NA,NA
"44","(더빙) 기동전사 건담","로봇",NA,NA,NA,NA,NA
"45","(더빙) 꼬마마법사 레미 : 견습 마법사를 찾아서","마법소녀","발랄가볍",NA,NA,NA,NA
"46","(더빙) 꼬마마법사 레미 샵","마법소녀","발랄가볍",NA,NA,NA,NA
"47","(더빙) 꼬마마법사 레미 포르테 : 개구리 바위의 비밀","마법소녀","발랄가볍",NA,NA,NA,NA
"48","(더빙) 꿈의 왕국 소피루비","마법소녀","발랄가볍",NA,NA,NA,NA
"49","(더빙) 나소흑전기 : 첫만남편","요괴 및 괴물",NA,NA,NA,NA,NA
"50","(더빙) 나의 히어로 아카데미아 1기","히어로","이능력","먼치킨",NA,NA,NA
"51","(더빙) 나의 히어로 아카데미아 2기","히어로","이능력","먼치킨",NA,NA,NA
"52","(더빙) 나의 히어로 아카데미아 3기","히어로","이능력","먼치킨",NA,NA,NA
"53","(더빙) 나의 히어로 아카데미아 4기","히어로","이능력","먼치킨",NA,NA,NA
"54","(더빙) 나의 히어로 아카데미아 5기","히어로","이능력","먼치킨",NA,NA,NA
"55","(더빙) 날아라! 호빵맨 : 빛나라! 크룽과 생명의 별","히어로","귀여움",NA,NA,NA,NA
"56","(더빙) 날아라! 호빵맨 : 장난감 별의 난다와 룬다","히어로","귀여움",NA,NA,NA,NA
"57","(더빙) 낮잠공주 : 모르는 나의 이야기","발랄가볍",NA,NA,NA,NA,NA
"58","(더빙) 내 이야기!!","교복",NA,NA,NA,NA,NA
"59","(더빙) 내 친구 코리리","공룡","발랄가볍",NA,NA,NA,NA
"60","(더빙) 너에게 닿기를 1기 리마스터","교복","귀여움",NA,NA,NA,NA
"61","(더빙) 너에게 닿기를 2기 리마스터","교복","귀여움",NA,NA,NA,NA
"62","(더빙) 노블레스","이능력","뱀파이어","먼치킨","카리스마",NA,NA
"63","(더빙) 닌자보이 란타로 : 삼총사의 대모험 - 판권 부활","귀여움",NA,NA,NA,NA,NA
"64","(더빙) 닌자보이 란타로 17기","귀여움",NA,NA,NA,NA,NA
"65","(더빙) 다이노코어 스페셜 : 갤럭시 스톤을 지켜라","로봇","공룡","발랄가볍",NA,NA,NA
"66","(더빙) 다이노코어 스페셜 : 다이노마스터 렉스의 탄생","로봇","공룡","발랄가볍",NA,NA,NA
"67","(더빙) 다이노코어 스페셜 : 다이노행성의 공주 라키나","로봇","공룡","발랄가볍",NA,NA,NA
"68","(더빙) 다이노코어 스페셜 : 진화의 시작! 얼티밋 디버스터","로봇","공룡","발랄가볍",NA,NA,NA
"69","(더빙) 다이노코어 스페셜 : 화이트드래곤 vs 블랙드래곤","로봇","공룡","발랄가볍",NA,NA,NA
"70","(더빙) 다이노코어 시즌 1","로봇","공룡","발랄가볍",NA,NA,NA
"71","(더빙) 다이노코어 시즌 3","로봇","공룡","발랄가볍",NA,NA,NA
"72","(더빙) 다이노코어 존TV","로봇","공룡","발랄가볍",NA,NA,NA
"73","(더빙) 데스노트 리마스터","악마 또는 천사","탐정","먼치킨",NA,NA,NA
"74","(더빙) 두부요괴","요괴 및 괴물","발랄가볍","귀여움",NA,NA,NA
"75","(더빙) 드래곤 퀘스트 : 다이의 대모험 part 1","전사",NA,NA,NA,NA,NA
"76","(더빙) 드래곤 퀘스트 : 다이의 대모험 part 2","전사",NA,NA,NA,NA,NA
"77","(더빙) 똘똘이 그림동요","발랄가볍",NA,NA,NA,NA,NA
"78","(더빙) 라디앙","발랄가볍",NA,NA,NA,NA,NA
"79","(더빙) 래미와 친구들 : 푸른푸른 초원의 위기","동물","발랄가볍",NA,NA,NA,NA
"80","(더빙) 래미의 드래곤월드 구출작전","동물","발랄가볍",NA,NA,NA,NA
"81","(더빙) 래미의 초특급 시간여행","동물","발랄가볍",NA,NA,NA,NA
"82","(더빙) 레전드 오브 래빗","동물","발랄가볍",NA,NA,NA,NA
"83","(더빙) 루팡 3세 PART 4","탐정","먼치킨",NA,NA,NA,NA
"84","(더빙) 루팡 3세 PART 5","탐정","먼치킨",NA,NA,NA,NA
"85","(더빙) 루팡 3세 스페셜 : 이탈리안 게임","탐정","먼치킨",NA,NA,NA,NA
"86","(더빙) 루팡 3세 스페셜 : 헤밍웨이 페이퍼의 수수께끼","탐정","먼치킨",NA,NA,NA,NA
"87","(더빙) 리틀 고비","동물","발랄가볍",NA,NA,NA,NA
"88","(더빙) 리틀 뱀파이어","뱀파이어","발랄가볍",NA,NA,NA,NA
"89","(더빙) 마당을 나온 암탉 - 배리어프리","동물",NA,NA,NA,NA,NA
"90","(더빙) 마도조사 1기","요괴 및 괴물","미소년",NA,NA,NA,NA
"91","(더빙) 마도조사 2기","요괴 및 괴물","미소년",NA,NA,NA,NA
"92","(더빙) 마루코는 아홉살 3 part 1","귀여움",NA,NA,NA,NA,NA
"93","(더빙) 마루코는 아홉살 3 part 2","귀여움",NA,NA,NA,NA,NA
"94","(더빙) 마법사 프리큐어!","마법소녀","발랄가볍",NA,NA,NA,NA
"95","(더빙) 마이 리틀 포니 : 이퀘스트리아 걸스 스페셜","동물",NA,NA,NA,NA,NA
"96","(더빙) 마징가 Z","로봇",NA,NA,NA,NA,NA
"97","(더빙) 매지컬 : 공주를 웃겨라","발랄가볍",NA,NA,NA,NA,NA
"98","(더빙) 매직빈","발랄가볍",NA,NA,NA,NA,NA
"99","(더빙) 명탐정 코난 : 감청의 권","탐정","먼치킨",NA,NA,NA,NA
"100","(더빙) 명탐정 코난 : 진홍의 수학여행","탐정","먼치킨",NA,NA,NA,NA
"101","(더빙) 명탐정 코난 14기","탐정","먼치킨",NA,NA,NA,NA
"102","(더빙) 명탐정 코난 15기","탐정","먼치킨",NA,NA,NA,NA
"103","(더빙) 명탐정 코난 16기","탐정","먼치킨",NA,NA,NA,NA
"104","(더빙) 명탐정 코난 17기","탐정","먼치킨",NA,NA,NA,NA
"105","(더빙) 명탐정 코난 18기","탐정","먼치킨",NA,NA,NA,NA
"106","(더빙) 명탐정 코난 4기","탐정","먼치킨",NA,NA,NA,NA
"107","(더빙) 명탐정 코난 5기","탐정","먼치킨",NA,NA,NA,NA
"108","(더빙) 명탐정 코난 6기","탐정","먼치킨",NA,NA,NA,NA
"109","(더빙) 명탐정 코난 7기","탐정","먼치킨",NA,NA,NA,NA
"110","(더빙) 목소리의 형태 - 배리어프리","교복",NA,NA,NA,NA,NA
"111","(더빙) 몬스터 아카데미","발랄가볍",NA,NA,NA,NA,NA
"112","(더빙) 무적코털 보보보 시즌 1","히어로","열혈",NA,NA,NA,NA
"113","(더빙) 무적코털 보보보 시즌 2","히어로","열혈",NA,NA,NA,NA
"114","(더빙) 무적코털 보보보 시즌 3","히어로","열혈",NA,NA,NA,NA
"115","(더빙) 미피의 동물원 보물찾기","동물","발랄가볍",NA,NA,NA,NA
"116","(더빙) 바다몬스터","발랄가볍",NA,NA,NA,NA,NA
"117","(더빙) 바람의 검심","카리스마",NA,NA,NA,NA,NA
"118","(더빙) 바비 드림하우스 어드벤처","발랄가볍",NA,NA,NA,NA,NA
"119","(더빙) 반요 야샤히메 1기","요괴 및 괴물",NA,NA,NA,NA,NA
"120","(더빙) 벅스봇 이그니션 part 1","로봇","동물",NA,NA,NA,NA
"121","(더빙) 벅스봇 이그니션 part 2","로봇","동물",NA,NA,NA,NA
"122","(더빙) 벅스봇 이그니션 스페셜","로봇","동물",NA,NA,NA,NA
"123","(더빙) 벅스봇G","로봇","동물",NA,NA,NA,NA
"124","(더빙) 불곰영웅 밤세 : 도둑들의 도시","발랄가볍",NA,NA,NA,NA,NA
"125","(더빙) 블랙 클로버 1기","열혈",NA,NA,NA,NA,NA
"126","(더빙) 블랙 클로버 2기","이능력","열혈",NA,NA,NA,NA
"127","(더빙) 비밀의 바람숲","발랄가볍",NA,NA,NA,NA,NA
"128","(더빙) 빅 위시","발랄가볍",NA,NA,NA,NA,NA
"129","(더빙) 빠샤메카드","로봇","발랄가볍","자동차",NA,NA,NA
"130","(더빙) 빠샤메카드 스페셜","로봇","발랄가볍","자동차",NA,NA,NA
"131","(더빙) 빨간머리 앤: 네버엔딩스토리","주체적 여성","발랄가볍","귀여움",NA,NA,NA
"132","(더빙) 산리오남자","발랄가볍",NA,NA,NA,NA,NA
"133","(더빙) 새미의 어드벤쳐","동물","발랄가볍",NA,NA,NA,NA
"134","(더빙) 샤크 스쿨","동물","발랄가볍",NA,NA,NA,NA
"135","(더빙) 샤크 스쿨 2 : 오션 월드","동물","발랄가볍",NA,NA,NA,NA
"136","(더빙) 소년탐정 김전일 Original 1기","탐정","먼치킨",NA,NA,NA,NA
"137","(더빙) 소년탐정 김전일 Original 2기","탐정","먼치킨",NA,NA,NA,NA
"138","(더빙) 소년탐정 김전일 Original 3기","탐정","먼치킨",NA,NA,NA,NA
"139","(더빙) 소년탐정 김전일 R","탐정","먼치킨",NA,NA,NA,NA
"140","(더빙) 소년탐정 김전일 R 시즌2","탐정","먼치킨",NA,NA,NA,NA
"141","(더빙) 소피루비","마법소녀","발랄가볍",NA,NA,NA,NA
"142","(더빙) 스카이와 친구들 : 로보시티의 비밀","로봇",NA,NA,NA,NA,NA
"143","(더빙) 스파이즈","발랄가볍",NA,NA,NA,NA,NA
"144","(더빙) 스페이스 독 3 : 트로피컬 어드벤처","외계인","발랄가볍",NA,NA,NA,NA
"145","(더빙) 시간을 달리는 소녀","교복",NA,NA,NA,NA,NA
"146","(더빙) 신밧드와 마법 양탄자","발랄가볍",NA,NA,NA,NA,NA
"147","(더빙) 심쿵! 프리큐어","마법소녀","발랄가볍",NA,NA,NA,NA
"148","(더빙) 썸머 워즈","먼치킨",NA,NA,NA,NA,NA
"149","(더빙) 아기공룡 버디 스페셜 : 지구탐험대","공룡","발랄가볍",NA,NA,NA,NA
"150","(더빙) 아기공룡 버디 시즌 5","공룡","발랄가볍",NA,NA,NA,NA
"151","(더빙) 아스테릭스 : 마법 물약의 비밀","발랄가볍",NA,NA,NA,NA,NA
"152","(더빙) 어네스트와 셀레스틴 - 배리어프리","동물",NA,NA,NA,NA,NA
"153","(더빙) 엘프","발랄가볍",NA,NA,NA,NA,NA
"154","(더빙) 역전재판 2기","탐정",NA,NA,NA,NA,NA
"155","(더빙) 열려라! 코코밍","발랄가볍",NA,NA,NA,NA,NA
"156","(더빙) 오란고교 사교클럽","발랄가볍","교복","귀여움",NA,NA,NA
"157","(더빙) 오소마츠 6쌍둥이 1기","발랄가볍","쌍둥이",NA,NA,NA,NA
"158","(더빙) 오소마츠 6쌍둥이 2기","발랄가볍","쌍둥이",NA,NA,NA,NA
"159","(더빙) 오소마츠 6쌍둥이 3기","발랄가볍","쌍둥이",NA,NA,NA,NA
"160","(더빙) 요괴메카드","로봇","발랄가볍","자동차",NA,NA,NA
"161","(더빙) 요괴메카드 스페셜","로봇","발랄가볍","자동차",NA,NA,NA
"162","(더빙) 요괴메카드 왕마","로봇","발랄가볍","자동차",NA,NA,NA
"163","(더빙) 요리왕 비룡 더 마스터 part 1","먼치킨",NA,NA,NA,NA,NA
"164","(더빙) 요리왕 비룡 더 마스터 part 2","먼치킨",NA,NA,NA,NA,NA
"165","(더빙) 요술 상자","발랄가볍",NA,NA,NA,NA,NA
"166","(더빙) 용감한 토끼 당당이","발랄가볍",NA,NA,NA,NA,NA
"167","(더빙) 울트라맨 루브","히어로","외계인",NA,NA,NA,NA
"168","(더빙) 원피스 10기","이능력","카리스마",NA,NA,NA,NA
"169","(더빙) 원피스 11기","이능력","카리스마",NA,NA,NA,NA
"170","(더빙) 원피스 12기","이능력","카리스마",NA,NA,NA,NA
"171","(더빙) 원피스 13기","이능력","카리스마",NA,NA,NA,NA
"172","(더빙) 원피스 14기","이능력","카리스마",NA,NA,NA,NA
"173","(더빙) 원피스 15기","이능력","카리스마",NA,NA,NA,NA
"174","(더빙) 원피스 16기","이능력","카리스마",NA,NA,NA,NA
"175","(더빙) 원피스 17기","이능력","카리스마",NA,NA,NA,NA
"176","(더빙) 원피스 18기","이능력","카리스마",NA,NA,NA,NA
"177","(더빙) 원피스 19기","이능력","카리스마",NA,NA,NA,NA
"178","(더빙) 원피스 1기","이능력","카리스마",NA,NA,NA,NA
"179","(더빙) 원피스 20기","이능력","카리스마",NA,NA,NA,NA
"180","(더빙) 원피스 22기","이능력","카리스마",NA,NA,NA,NA
"181","(더빙) 원피스 23기","이능력","카리스마",NA,NA,NA,NA
"182","(더빙) 원피스 24기","이능력","카리스마",NA,NA,NA,NA
"183","(더빙) 원피스 25기","이능력","카리스마",NA,NA,NA,NA
"184","(더빙) 원피스 26기","이능력","카리스마",NA,NA,NA,NA
"185","(더빙) 원피스 27기","이능력","카리스마",NA,NA,NA,NA
"186","(더빙) 원피스 2기","이능력","카리스마",NA,NA,NA,NA
"187","(더빙) 원피스 3기","이능력","카리스마",NA,NA,NA,NA
"188","(더빙) 원피스 4기","이능력","카리스마",NA,NA,NA,NA
"189","(더빙) 원피스 5기","이능력","카리스마",NA,NA,NA,NA
"190","(더빙) 원피스 6기","이능력","카리스마",NA,NA,NA,NA
"191","(더빙) 원피스 7기","이능력","카리스마",NA,NA,NA,NA
"192","(더빙) 원피스 8기","이능력","카리스마",NA,NA,NA,NA
"193","(더빙) 원피스 9기","이능력","카리스마",NA,NA,NA,NA
"194","(더빙) 원피스 로맨스 던","이능력","카리스마",NA,NA,NA,NA
"195","(더빙) 원피스: 에피소드 오브 나미 ~항해사의 눈물과 동료의 인연~","이능력","카리스마",NA,NA,NA,NA
"196","(더빙) 원피스: 에피소드 오브 루피 ~핸드 아일랜드의 모험~","이능력","카리스마",NA,NA,NA,NA
"197","(더빙) 원피스: 에피소드 오브 메리 ~또 하나의 동료 이야기~","이능력","카리스마",NA,NA,NA,NA
"198","(더빙) 웰컴투 정글스쿨","동물",NA,NA,NA,NA,NA
"199","(더빙) 유희왕 ARC-V 3기","먼치킨",NA,NA,NA,NA,NA
"200","(더빙) 유희왕 VRAINS","먼치킨",NA,NA,NA,NA,NA
"201","(더빙) 이 멋진 세계에 축복을! 1기","마왕","발랄가볍",NA,NA,NA,NA
"202","(더빙) 이 멋진 세계에 축복을! 2기","마왕","발랄가볍",NA,NA,NA,NA
"203","(더빙) 이누야샤 1기","요괴 및 괴물",NA,NA,NA,NA,NA
"204","(더빙) 이누야샤 2기","요괴 및 괴물",NA,NA,NA,NA,NA
"205","(더빙) 이누야샤 3기","요괴 및 괴물",NA,NA,NA,NA,NA
"206","(더빙) 이누야샤 4기","요괴 및 괴물",NA,NA,NA,NA,NA
"207","(더빙) 이누야샤 5기","요괴 및 괴물",NA,NA,NA,NA,NA
"208","(더빙) 이누야샤 6기","요괴 및 괴물",NA,NA,NA,NA,NA
"209","(더빙) 이누야샤 완결편","요괴 및 괴물",NA,NA,NA,NA,NA
"210","(더빙) 이퀘스트리아 걸스 : 레인보우 로드 트립","동물",NA,NA,NA,NA,NA
"211","(더빙) 이퀘스트리아 걸스 : 롤러코스터 같은 우정","동물",NA,NA,NA,NA,NA
"212","(더빙) 이퀘스트리아 걸스 : 명절 이야기 모음","동물",NA,NA,NA,NA,NA
"213","(더빙) 이퀘스트리아 걸스 : 엉망진창 봄방학","동물",NA,NA,NA,NA,NA
"214","(더빙) 이퀘스트리아 걸스 : 잊혀진 우정","동물",NA,NA,NA,NA,NA
"215","(더빙) 인간계 생활기록","요괴 및 괴물",NA,NA,NA,NA,NA
"216","(더빙) 인피니티포스 : 독수리 오형제 최후의 심판","히어로","외계인","교복",NA,NA,NA
"217","(더빙) 전직고수","먼치킨",NA,NA,NA,NA,NA
"218","(더빙) 정글 비트 : 더 무비","발랄가볍",NA,NA,NA,NA,NA
"219","(더빙) 조이드 와일드","로봇",NA,NA,NA,NA,NA
"220","(더빙) 조이드 와일드 NEW 에피소드","로봇",NA,NA,NA,NA,NA
"221","(더빙) 쥬로링 동물탐정","마법소녀","동물","발랄가볍","귀여움",NA,NA
"222","(더빙) 쥬얼펫 : 스위트 댄스 프린세스 - 판권 부활","발랄가볍",NA,NA,NA,NA,NA
"223","(더빙) 지브리 컬렉션 vol. 1","귀여움",NA,NA,NA,NA,NA
"224","(더빙) 지브리 컬렉션 vol. 2","귀여움",NA,NA,NA,NA,NA
"225","(더빙) 지브리 컬렉션 vol. 3","귀여움",NA,NA,NA,NA,NA
"226","(더빙) 쫑알쫑알 똘똘이 시즌 1","발랄가볍",NA,NA,NA,NA,NA
"227","(더빙) 쫑알쫑알 똘똘이 시즌 2","발랄가볍",NA,NA,NA,NA,NA
"228","(더빙) 쫑알쫑알 똘똘이 시즌 3","발랄가볍",NA,NA,NA,NA,NA
"229","(더빙) 최유기 RELOAD BLAST","요괴 및 괴물","전사",NA,NA,NA,NA
"230","(더빙) 치에리와 체리","발랄가볍",NA,NA,NA,NA,NA
"231","(더빙) 카우보이 비밥 리마스터","먼치킨",NA,NA,NA,NA,NA
"232","(더빙) 케모노 프렌즈","동물",NA,NA,NA,NA,NA
"233","(더빙) 케어베어 : 나도 상 받고 싶어","동물","발랄가볍",NA,NA,NA,NA
"234","(더빙) 케어베어 : 나만의 파워 빔","동물","발랄가볍",NA,NA,NA,NA
"235","(더빙) 케어베어 : 아낌없이 주는 축제","동물","발랄가볍",NA,NA,NA,NA
"236","(더빙) 케어베어 : 웃음마을 여행","동물","발랄가볍",NA,NA,NA,NA
"237","(더빙) 케어베어 : 풀려라~ 마법!","동물","발랄가볍",NA,NA,NA,NA
"238","(더빙) 키테레츠 대백과 시즌 5","발랄가볍",NA,NA,NA,NA,NA
"239","(더빙) 키테레츠 대백과 시즌 6","발랄가볍",NA,NA,NA,NA,NA
"240","(더빙) 킹 오브 프리즘","연예인","발랄가볍","아이돌",NA,NA,NA
"241","(더빙) 킹 오브 프리즘 : 프라이드 더 히어로","연예인","발랄가볍","아이돌",NA,NA,NA
"242","(더빙) 터닝메카드","로봇","발랄가볍","자동차",NA,NA,NA
"243","(더빙) 터닝메카드R","로봇","발랄가볍","자동차",NA,NA,NA
"244","(더빙) 터닝메카드R 스페셜 : 동화의 나라","로봇","발랄가볍","자동차",NA,NA,NA
"245","(더빙) 터닝메카드W : 반다인의 비밀","로봇","발랄가볍","자동차",NA,NA,NA
"246","(더빙) 터닝메카드W 메카니멀 고","로봇","발랄가볍","자동차",NA,NA,NA
"247","(더빙) 터닝메카드W 시즌 1","로봇","발랄가볍","자동차",NA,NA,NA
"248","(더빙) 터닝메카드W 시즌 2","로봇","발랄가볍","자동차",NA,NA,NA
"249","(더빙) 테니스의 왕자 OVA : another story I, II","교복","미소년","먼치킨",NA,NA,NA
"250","(더빙) 테니스의 왕자 OVA : 전국대회편 part 1","교복","미소년","먼치킨",NA,NA,NA
"251","(더빙) 테니스의 왕자OVA : 전국대회편 part 2","교복","미소년","먼치킨",NA,NA,NA
"252","(더빙) 테테루 : 테디베어 마을의 비밀","발랄가볍",NA,NA,NA,NA,NA
"253","(더빙) 토리코 : 미식신의 스페셜 메뉴","이능력","열혈","헌터",NA,NA,NA
"254","(더빙) 토리코 1기 part 1 - 판권 부활","이능력","열혈","헌터",NA,NA,NA
"255","(더빙) 토리코 1기 part 2","이능력","열혈","헌터",NA,NA,NA
"256","(더빙) 토리코 2기","이능력","열혈","헌터",NA,NA,NA
"257","(더빙) 토리코 3D : 개막! 구르메 어드벤쳐","이능력","열혈","헌터",NA,NA,NA
"258","(더빙) 토리코 3기","이능력","열혈","헌터",NA,NA,NA
"259","(더빙) 토리코 x 원피스 : 최강의 콤비","이능력","헌터",NA,NA,NA,NA
"260","(더빙) 토리코 x 원피스 : 해선열매 헌팅작전","이능력","헌터",NA,NA,NA,NA
"261","(더빙) 토리코 x 원피스 x 드래곤볼 : 천하제일 식신대회","이능력","헌터",NA,NA,NA,NA
"262","(더빙) 토마스와 친구들 : 그레이트 레이스","발랄가볍",NA,NA,NA,NA,NA
"263","(더빙) 토마스와 친구들 : 빅 월드 어드벤처","발랄가볍",NA,NA,NA,NA,NA
"264","(더빙) 토마스와 친구들 : 용감한 기관차와 괴물소동","발랄가볍",NA,NA,NA,NA,NA
"265","(더빙) 트랜스포머 사이버버스","외계인","로봇","전사",NA,NA,NA
"266","(더빙) 트랜스포머 사이버버스 2기","외계인","로봇","전사",NA,NA,NA
"267","(더빙) 파워레인저 갤럭시포스 VS 스페이스 스쿼드","히어로","로봇",NA,NA,NA,NA
"268","(더빙) 파워레인저 갤럭시포스 게스 인더베이의 역습","히어로","로봇",NA,NA,NA,NA
"269","(더빙) 파워레인저 갤럭시포스 스팅거, 그날의 기억","히어로","로봇",NA,NA,NA,NA
"270","(더빙) 파워레인저 다이노VS루팡VS패트롤","히어로","로봇",NA,NA,NA,NA
"271","(더빙) 파워레인저 다이노소울 : 타임슬립! 위기의 공룡시대","히어로","로봇",NA,NA,NA,NA
"272","(더빙) 파워레인저 루팡포스 VS 패트롤포스","히어로","로봇",NA,NA,NA,NA
"273","(더빙) 파워레인저 엔진포스 HD","히어로","로봇",NA,NA,NA,NA
"274","(더빙) 파워레인저 트레저포스 HD","히어로","로봇",NA,NA,NA,NA
"275","(더빙) 펫 다이어리","동물",NA,NA,NA,NA,NA
"276","(더빙) 포텐독 시즌 1","로봇",NA,NA,NA,NA,NA
"277","(더빙) 포텐독 시즌 2","로봇",NA,NA,NA,NA,NA
"278","(더빙) 프리파라 : 모두 모여라! 프리즘☆투어즈","연예인","발랄가볍","아이돌",NA,NA,NA
"279","(더빙) 프리파라 : 모두의 동경♪ 렛츠고☆프리파리","연예인","발랄가볍","아이돌",NA,NA,NA
"280","(더빙) 프리파라 1기","연예인","발랄가볍","아이돌",NA,NA,NA
"281","(더빙) 프리파라 2기 part 1","연예인","발랄가볍","아이돌",NA,NA,NA
"282","(더빙) 프리파라 2기 part 2","연예인","발랄가볍","아이돌",NA,NA,NA
"283","(더빙) 프리파라 3기","연예인","발랄가볍","아이돌",NA,NA,NA
"284","(더빙) 프린세스 에미 : 마법 책의 비밀","발랄가볍",NA,NA,NA,NA,NA
"285","(더빙) 피쉬 스쿨 : 언더 더 씨","발랄가볍",NA,NA,NA,NA,NA
"286","(더빙) 피쉬 스쿨 : 인투 더 딥","발랄가볍",NA,NA,NA,NA,NA
"287","(더빙) 하이큐!! 2기","열혈",NA,NA,NA,NA,NA
"288","(더빙) 하이큐!! 끝과 시작","열혈",NA,NA,NA,NA,NA
"289","(더빙) 하이큐!! 승자와 패자","열혈",NA,NA,NA,NA,NA
"290","(더빙) 하이큐!! 재능과 센스","열혈",NA,NA,NA,NA,NA
"291","(더빙) 하이큐!! 콘셉트의 싸움","열혈",NA,NA,NA,NA,NA
"292","(더빙) 하트 캐치 프리큐어!","마법소녀","발랄가볍",NA,NA,NA,NA
"293","(더빙) 하펫 꿈나라 모험","동물","발랄가볍",NA,NA,NA,NA
"294","(더빙) 학원 앨리스","발랄가볍",NA,NA,NA,NA,NA
"295","(더빙) 한글놀이 ㄱㄴㄷ","발랄가볍",NA,NA,NA,NA,NA
"296","(더빙) 해피니스 프리큐어!","마법소녀","발랄가볍",NA,NA,NA,NA
"297","(더빙) 헌터X헌터 리메이크 part 1","이능력","헌터","먼치킨",NA,NA,NA
"298","(더빙) 헌터X헌터 리메이크 part 2","이능력","헌터","먼치킨",NA,NA,NA
"299","(더빙) 헌터X헌터 리메이크 part 3","이능력","헌터","먼치킨",NA,NA,NA
"300","(더빙) 헌터X헌터: 더 라스트 미션","이능력","헌터","먼치킨",NA,NA,NA
"301","(더빙) 헬로 몽키","발랄가볍",NA,NA,NA,NA,NA
"302","(더빙) 헬로 카봇 미니","로봇","발랄가볍","자동차",NA,NA,NA
"303","(더빙) 헬로 카봇 스페셜 : 동물구조대","로봇","발랄가볍","자동차",NA,NA,NA
"304","(더빙) 헬로 카봇 스페셜 : 영웅의 등장","로봇","발랄가볍","자동차",NA,NA,NA
"305","(더빙) 헬로 카봇 스페셜 : 지구를 부탁해","로봇","발랄가볍","자동차",NA,NA,NA
"306","(더빙) 헬로 카봇 스페셜 : 펜타스톰","로봇","발랄가볍","자동차",NA,NA,NA
"307","(더빙) 헬로 카봇 스페셜 : 헬로 스피너블","로봇","발랄가볍","자동차",NA,NA,NA
"308","(더빙) 헬로 카봇 시즌 1","로봇","발랄가볍","자동차",NA,NA,NA
"309","(더빙) 헬로 카봇 시즌 10 뱅","로봇","발랄가볍","자동차",NA,NA,NA
"310","(더빙) 헬로 카봇 시즌 2","로봇","발랄가볍","자동차",NA,NA,NA
"311","(더빙) 헬로 카봇 시즌 3","로봇","발랄가볍","자동차",NA,NA,NA
"312","(더빙) 헬로 카봇 시즌 4","로봇","발랄가볍","자동차",NA,NA,NA
"313","(더빙) 헬로 카봇 시즌 5 part 1","로봇","발랄가볍","자동차",NA,NA,NA
"314","(더빙) 헬로 카봇 시즌 5 part 2","로봇","발랄가볍","자동차",NA,NA,NA
"315","(더빙) 헬로 카봇 시즌 6","로봇","발랄가볍","자동차",NA,NA,NA
"316","(더빙) 헬로 카봇 시즌 7","로봇","발랄가볍","자동차",NA,NA,NA
"317","(더빙) 헬로 카봇 시즌 8","로봇","발랄가볍","자동차",NA,NA,NA
"318","(더빙) 헬로 카봇 시즌 9","로봇","발랄가볍","자동차",NA,NA,NA
"319","(더빙) 헬로 카봇 쿵","로봇","발랄가볍","자동차",NA,NA,NA
"320","(더빙) 헬로 카봇 쿵 스페셜 : 알카봇과 동물 친구들","로봇","발랄가볍","자동차",NA,NA,NA
"321","(더빙) 호두까기 인형 : 장난감 왕국 대모험","발랄가볍",NA,NA,NA,NA,NA
"322","(더빙) 호비와 동화나라 대모험","선생님","발랄가볍","귀여움",NA,NA,NA
"323","(더빙) 호비와 매직 아일랜드 대모험","선생님","발랄가볍","귀여움",NA,NA,NA
"324","(더빙) 호빵맨 : 꼬마 사과와 모두의 소원","히어로","귀여움",NA,NA,NA,NA
"325","(더빙) 호빵맨 1기","히어로","귀여움",NA,NA,NA,NA
"326","(더빙) 호빵맨 2기","히어로","귀여움",NA,NA,NA,NA
"327","(더빙) 호빵맨 3기","히어로","귀여움",NA,NA,NA,NA
"328","(무삭제) 귀멸의 칼날","요괴 및 괴물","열혈",NA,NA,NA,NA
"329","(무삭제) 도쿄 구울 : re","이능력","먼치킨",NA,NA,NA,NA
"330","(무삭제) 도쿄 구울 : re part 2","이능력","먼치킨",NA,NA,NA,NA
"331","(무삭제) 미소의 대가","로봇",NA,NA,NA,NA,NA
"332","(무삭제) 불쾌한 모노노케안 속","요괴 및 괴물","발랄가볍","귀여움",NA,NA,NA
"333","(무삭제) 소드 아트 온라인 앨리시제이션 War of Underworld part 1","미소녀","전사","먼치킨",NA,NA,NA
"334","(무삭제) 유녀전기","먼치킨",NA,NA,NA,NA,NA
"335","(무삭제) 이 용사가 ZZANG센 주제에 너무 신중하다","발랄가볍",NA,NA,NA,NA,NA
"336","(무삭제) 이세계는 스마트폰과 함께","발랄가볍","먼치킨",NA,NA,NA,NA
"337","(무삭제) 풀 메탈 패닉! IV : Invisible Victory","로봇","교복",NA,NA,NA,NA
"338","(무삭제) 혈계전선 & 비욘드","이능력","열혈",NA,NA,NA,NA
"339","(무삭제) 히나마츠리","이능력",NA,NA,NA,NA,NA
"340","(스튜딘 버전) 극장판 Fate/stay night : Unlimited Blade Works","먼치킨",NA,NA,NA,NA,NA
"341","(자막) 갓파 쿠와 여름방학을","요괴 및 괴물","발랄가볍",NA,NA,NA,NA
"342","(자막) 겨울왕국의 무민","발랄가볍","귀여움",NA,NA,NA,NA
"343","(자막) 고 녀석 맛나겠다","공룡",NA,NA,NA,NA,NA
"344","(자막) 괴도 키드 스페셜","탐정","먼치킨",NA,NA,NA,NA
"345","(자막) 괴물의 아이","선생님",NA,NA,NA,NA,NA
"346","(자막) 극장판 나루토 : 대흥분! 초승달 섬의 애니멀 소동","이능력","먼치킨",NA,NA,NA,NA
"347","(자막) 극장판 보루토 : 나루토 더 무비","이능력","먼치킨",NA,NA,NA,NA
"348","(자막) 극장판 오소마츠 6쌍둥이","발랄가볍","쌍둥이",NA,NA,NA,NA
"349","(자막) 극장판 원피스 1기 : 황금의 대해적 우난","이능력","카리스마",NA,NA,NA,NA
"350","(자막) 극장판 원피스 2기 : 네지마키 섬의 모험","이능력","카리스마",NA,NA,NA,NA
"351","(자막) 극장판 원피스 3기 : 진기한 동물섬의 쵸파왕국","이능력","카리스마",NA,NA,NA,NA
"352","(자막) 극장판 원피스 4기 : 데드 엔드의 모험","이능력","카리스마",NA,NA,NA,NA
"353","(자막) 극장판 원피스 5기 : 저주받은 성검","이능력","카리스마",NA,NA,NA,NA
"354","(자막) 극장판 원피스 6기 : 오마츠리 남작과 비밀의 섬","이능력","카리스마",NA,NA,NA,NA
"355","(자막) 극장판 원피스 7기 : 기계태엽성의 메카 거병","이능력","카리스마",NA,NA,NA,NA
"356","(자막) 극장판 원피스 8기 : 사막의 공주와 해적들","이능력","카리스마",NA,NA,NA,NA
"357","(자막) 꼬마마법사 레미 : 견습 마법사를 찾아서","마법소녀","발랄가볍",NA,NA,NA,NA
"358","(자막) 꼬마마법사 레미 샵","마법소녀","발랄가볍",NA,NA,NA,NA
"359","(자막) 꼬마마법사 레미 포르테 : 개구리 바위의 비밀","마법소녀","발랄가볍",NA,NA,NA,NA
"360","(자막) 나소흑전기 : 첫만남편","요괴 및 괴물",NA,NA,NA,NA,NA
"361","(자막) 나의 히어로 아카데미아 1기","히어로","이능력","먼치킨",NA,NA,NA
"362","(자막) 나의 히어로 아카데미아 2기","히어로","이능력","먼치킨",NA,NA,NA
"363","(자막) 나의 히어로 아카데미아 3기","히어로","이능력","먼치킨",NA,NA,NA
"364","(자막) 나의 히어로 아카데미아 4기","히어로","이능력","먼치킨",NA,NA,NA
"365","(자막) 나의 히어로 아카데미아 5기","히어로","이능력","먼치킨",NA,NA,NA
"366","(자막) 내 이야기!!","교복",NA,NA,NA,NA,NA
"367","(자막) 노블레스","이능력","뱀파이어","먼치킨","카리스마",NA,NA
"368","(자막) 드래곤 퀘스트 : 다이의 대모험 part 1","전사",NA,NA,NA,NA,NA
"369","(자막) 드래곤 퀘스트 : 다이의 대모험 part 2","전사",NA,NA,NA,NA,NA
"370","(자막) 드래곤 퀘스트 : 다이의 대모험 part 3","전사",NA,NA,NA,NA,NA
"371","(자막) 드래곤 퀘스트 : 다이의 대모험 part 4","전사",NA,NA,NA,NA,NA
"372","(자막) 드래곤 퀘스트 : 다이의 대모험 part 5","전사",NA,NA,NA,NA,NA
"373","(자막) 라디앙","발랄가볍",NA,NA,NA,NA,NA
"374","(자막) 레드플레인과 신비한 세계일주","발랄가볍",NA,NA,NA,NA,NA
"375","(자막) 루팡 3세 PART 5","탐정","먼치킨",NA,NA,NA,NA
"376","(자막) 리틀 뱀파이어","뱀파이어","발랄가볍",NA,NA,NA,NA
"377","(자막) 마도조사 1기","요괴 및 괴물","미소년",NA,NA,NA,NA
"378","(자막) 마도조사 2기","요괴 및 괴물","미소년",NA,NA,NA,NA
"379","(자막) 마도조사 Q","요괴 및 괴물","미소년",NA,NA,NA,NA
"380","(자막) 명탐정 코난 : 감청의 권","탐정","먼치킨",NA,NA,NA,NA
"381","(자막) 명탐정 코난 : 비색의 부재증명","탐정","먼치킨",NA,NA,NA,NA
"382","(자막) 명탐정 코난 : 진홍의 수학여행","탐정","먼치킨",NA,NA,NA,NA
"383","(자막) 명탐정 코난 14기","탐정","먼치킨",NA,NA,NA,NA
"384","(자막) 명탐정 코난 15기","탐정","먼치킨",NA,NA,NA,NA
"385","(자막) 명탐정 코난 16기","탐정","먼치킨",NA,NA,NA,NA
"386","(자막) 명탐정 코난 17기","탐정","먼치킨",NA,NA,NA,NA
"387","(자막) 명탐정 코난 18기","탐정","먼치킨",NA,NA,NA,NA
"388","(자막) 명탐정 코난 19기","탐정","먼치킨",NA,NA,NA,NA
"389","(자막) 명탐정 코난 1기","탐정","먼치킨",NA,NA,NA,NA
"390","(자막) 명탐정 코난 2021","탐정","먼치킨",NA,NA,NA,NA
"391","(자막) 명탐정 코난 2기","탐정","먼치킨",NA,NA,NA,NA
"392","(자막) 명탐정 코난 3기","탐정","먼치킨",NA,NA,NA,NA
"393","(자막) 명탐정 코난 4기","탐정","먼치킨",NA,NA,NA,NA
"394","(자막) 명탐정 코난 5기","탐정","먼치킨",NA,NA,NA,NA
"395","(자막) 몬스터 아카데미","발랄가볍",NA,NA,NA,NA,NA
"396","(자막) 미스터빌리 : 하일랜드의 수호자","히어로","발랄가볍",NA,NA,NA,NA
"397","(자막) 바다몬스터","발랄가볍",NA,NA,NA,NA,NA
"398","(자막) 반요 야샤히메 1기","요괴 및 괴물",NA,NA,NA,NA,NA
"399","(자막) 블랙 클로버 1기","열혈",NA,NA,NA,NA,NA
"400","(자막) 블랙 클로버 2기","열혈",NA,NA,NA,NA,NA
"401","(자막) 블랙 클로버 3기","열혈",NA,NA,NA,NA,NA
"402","(자막) 빅 위시","발랄가볍",NA,NA,NA,NA,NA
"403","(자막) 산리오남자","발랄가볍",NA,NA,NA,NA,NA
"404","(자막) 새미의 어드벤쳐","동물","발랄가볍",NA,NA,NA,NA
"405","(자막) 슈퍼스타 뚜루","발랄가볍",NA,NA,NA,NA,NA
"406","(자막) 스파이즈","발랄가볍",NA,NA,NA,NA,NA
"407","(자막) 스페이스 독 3 : 트로피컬 어드벤처","외계인","발랄가볍",NA,NA,NA,NA
"408","(자막) 시간을 달리는 소녀","교복",NA,NA,NA,NA,NA
"409","(자막) 썸머 워즈","먼치킨",NA,NA,NA,NA,NA
"410","(자막) 아스테릭스 : 마법 물약의 비밀","발랄가볍",NA,NA,NA,NA,NA
"411","(자막) 아오 오니 The Animation","요괴 및 괴물","귀신",NA,NA,NA,NA
"412","(자막) 엘프","발랄가볍",NA,NA,NA,NA,NA
"413","(자막) 역전재판 2기","탐정",NA,NA,NA,NA,NA
"414","(자막) 오란고교 사교클럽","발랄가볍","교복","귀여움",NA,NA,NA
"415","(자막) 오소마츠 6쌍둥이 1기","발랄가볍","쌍둥이",NA,NA,NA,NA
"416","(자막) 오소마츠 6쌍둥이 2기","발랄가볍","쌍둥이",NA,NA,NA,NA
"417","(자막) 오소마츠 6쌍둥이 3기","발랄가볍","쌍둥이",NA,NA,NA,NA
"418","(자막) 오즈의 마법사: 요술구두와 말하는 책","발랄가볍",NA,NA,NA,NA,NA
"419","(자막) 요리왕 비룡 더 마스터 part 1","먼치킨",NA,NA,NA,NA,NA
"420","(자막) 요리왕 비룡 더 마스터 part 2","먼치킨",NA,NA,NA,NA,NA
"421","(자막) 원피스 20기","이능력","카리스마",NA,NA,NA,NA
"422","(자막) 원피스 22기","이능력","카리스마",NA,NA,NA,NA
"423","(자막) 원피스 23기","이능력","카리스마",NA,NA,NA,NA
"424","(자막) 원피스 24기","이능력","카리스마",NA,NA,NA,NA
"425","(자막) 원피스 25기","이능력","카리스마",NA,NA,NA,NA
"426","(자막) 원피스 26기","이능력","카리스마",NA,NA,NA,NA
"427","(자막) 원피스 27기","이능력","카리스마",NA,NA,NA,NA
"428","(자막) 원피스 로맨스 던","이능력","카리스마",NA,NA,NA,NA
"429","(자막) 원피스 스탬피드","이능력","카리스마",NA,NA,NA,NA
"430","(자막) 유유백서 리마스터","요괴 및 괴물","이능력","교복","먼치킨",NA,NA
"431","(자막) 이 멋진 세계에 축복을! 1기","마왕","발랄가볍",NA,NA,NA,NA
"432","(자막) 이 멋진 세계에 축복을! 2기","마왕","발랄가볍",NA,NA,NA,NA
"433","(자막) 이누야샤 1기","요괴 및 괴물",NA,NA,NA,NA,NA
"434","(자막) 이누야샤 2기","요괴 및 괴물",NA,NA,NA,NA,NA
"435","(자막) 인피니티포스 : 독수리 오형제 최후의 심판","히어로","외계인","교복",NA,NA,NA
"436","(자막) 전직고수","먼치킨",NA,NA,NA,NA,NA
"437","(자막) 중2병이라도 사랑이 하고싶어!","미소녀","오타쿠","발랄가볍","교복","귀여움",NA
"438","(자막) 지브리 컬렉션 vol. 1","귀여움",NA,NA,NA,NA,NA
"439","(자막) 지브리 컬렉션 vol. 2","귀여움",NA,NA,NA,NA,NA
"440","(자막) 지브리 컬렉션 vol. 3","귀여움",NA,NA,NA,NA,NA
"441","(자막) 최유기 RELOAD BLAST","요괴 및 괴물","전사",NA,NA,NA,NA
"442","(자막) 치에리와 체리","발랄가볍",NA,NA,NA,NA,NA
"443","(자막) 킹 오브 프리즘","연예인","발랄가볍","아이돌",NA,NA,NA
"444","(자막) 테니스의 왕자 OVA : another story I, II","교복","미소년","먼치킨",NA,NA,NA
"445","(자막) 토리코 : 미식신의 스페셜 메뉴","이능력","열혈","헌터",NA,NA,NA
"446","(자막) 토리코 3D : 개막! 구르메 어드벤쳐","이능력","열혈","헌터",NA,NA,NA
"447","(자막) 토리코 part 1","이능력","열혈","헌터",NA,NA,NA
"448","(자막) 토리코 part 2","이능력","열혈","헌터",NA,NA,NA
"449","(자막) 토리코 part 3","이능력","열혈","헌터",NA,NA,NA
"450","(자막) 토리코 part 4","이능력","열혈","헌터",NA,NA,NA
"451","(자막) 토리코 part 5","이능력","열혈","헌터",NA,NA,NA
"452","(자막) 토리코 part 6","이능력","열혈","헌터",NA,NA,NA
"453","(자막) 토마스와 친구들 : 그레이트 레이스","발랄가볍",NA,NA,NA,NA,NA
"454","(자막) 피쉬 스쿨 : 언더 더 씨","발랄가볍",NA,NA,NA,NA,NA
"455","(자막) 피쉬 스쿨 : 인투 더 딥","발랄가볍",NA,NA,NA,NA,NA
"456","(자막) 하이큐!! 2기","열혈",NA,NA,NA,NA,NA
"457","(자막) 하이큐!! 끝과 시작","열혈",NA,NA,NA,NA,NA
"458","(자막) 하이큐!! 승자와 패자","열혈",NA,NA,NA,NA,NA
"459","(자막) 하이큐!! 재능과 센스","열혈",NA,NA,NA,NA,NA
"460","(자막) 하이큐!! 콘셉트의 싸움","열혈",NA,NA,NA,NA,NA
"461","(자막) 한글놀이 ㄱㄴㄷ","발랄가볍",NA,NA,NA,NA,NA
"462","(자막) 헌터X헌터 리메이크 part 4","이능력","헌터","먼치킨",NA,NA,NA
"463","(자막) 헌터X헌터 리메이크 part 5","이능력","헌터","먼치킨",NA,NA,NA
"464","(자막) 헌터X헌터 리메이크 part 6","이능력","헌터","먼치킨",NA,NA,NA
"465","(자막) 헌터X헌터: 더 라스트 미션","이능력","헌터","먼치킨",NA,NA,NA
"466","(자막) 환상게임","교복",NA,NA,NA,NA,NA
"467","(자막, 무삭제) 이 멋진 세계에 축복을! 2기","마왕","발랄가볍",NA,NA,NA,NA
"468","07월 22일","발랄가볍","아이돌",NA,NA,NA,NA
"469","3D 그녀 리얼 걸","오타쿠","발랄가볍",NA,NA,NA,NA
"470","3D 그녀 리얼 걸 시즌2","오타쿠","발랄가볍",NA,NA,NA,NA
"471","86 -에이티식스-","로봇",NA,NA,NA,NA,NA
"472","86 -에이티식스- 2기","로봇",NA,NA,NA,NA,NA
"473","8월의 신데렐라 나인","미소녀","열혈","발랄가볍",NA,NA,NA
"474","ANIV","발랄가볍",NA,NA,NA,NA,NA
"475","ARGONAVIS from BanG Dream!","발랄가볍","미소년","아이돌",NA,NA,NA
"476","ARIA The AVVENIRE","발랄가볍",NA,NA,NA,NA,NA
"477","ARIA The CREPUSCOLO","발랄가볍",NA,NA,NA,NA,NA
"478","B-PROJECT ~절정*이모션~","연예인","발랄가볍","아이돌",NA,NA,NA
"479","BanG Dream! 2nd Season","미소녀","발랄가볍","아이돌",NA,NA,NA
"480","BanG Dream! 3rd Season","미소녀","발랄가볍","아이돌",NA,NA,NA
"481","BanG Dream! FILM LIVE","미소녀","발랄가볍","아이돌",NA,NA,NA
"482","BanG Dream! 걸파☆피코","미소녀","발랄가볍","아이돌",NA,NA,NA
"483","BanG Dream! 걸파☆피코 곱빼기","미소녀","발랄가볍","아이돌",NA,NA,NA
"484","BBB 삼총사의 모험","히어로","발랄가볍",NA,NA,NA,NA
"485","BEM","요괴 및 괴물",NA,NA,NA,NA,NA
"486","BLUE REFLECTION RAY part 1","마법소녀",NA,NA,NA,NA,NA
"487","BLUE REFLECTION RAY part 2","마법소녀",NA,NA,NA,NA,NA
"488","CeREELs 시즌 1","발랄가볍",NA,NA,NA,NA,NA
"489","CeREELs 시즌 2","발랄가볍",NA,NA,NA,NA,NA
"490","CeREELs 시즌 3","발랄가볍",NA,NA,NA,NA,NA
"491","CeREELs 시즌 4","발랄가볍",NA,NA,NA,NA,NA
"492","citrus","교복",NA,NA,NA,NA,NA
"493","D4DJ First Mix","미소녀","발랄가볍","아이돌",NA,NA,NA
"494","DD북두의 권 2 딸기맛+","열혈",NA,NA,NA,NA,NA
"495","Fairy gone","이능력",NA,NA,NA,NA,NA
"496","Fairy gone part 2","이능력",NA,NA,NA,NA,NA
"497","Fairy 란마루 ~당신의 마음을 구해드리겠습니다~","미소년",NA,NA,NA,NA,NA
"498","Fate stay night [Heaven`s Feel] Ⅰ.presage flower","먼치킨",NA,NA,NA,NA,NA
"499","Fate/Grand Order","먼치킨",NA,NA,NA,NA,NA
"500","Fate/Grand Order -MOONLIGHT/LOSTROOM-","먼치킨",NA,NA,NA,NA,NA
"501","Fate/Grand Order -신성원탁영역 카멜롯- Wandering; Agateram","먼치킨",NA,NA,NA,NA,NA
"502","Fate/Grand Order -절대마수전선 바빌로니아-","먼치킨",NA,NA,NA,NA,NA
"503","Fate/stay night","먼치킨",NA,NA,NA,NA,NA
"504","Fate/stay night [Heaven`s Feel] Ⅱ.lost butterfly","먼치킨",NA,NA,NA,NA,NA
"505","Fate/stay night [Heaven`s Feel] Ⅲ.spring song","먼치킨",NA,NA,NA,NA,NA
"506","Fate/stay night [Unlimited Blade Works]","먼치킨",NA,NA,NA,NA,NA
"507","Fate/Zero","먼치킨",NA,NA,NA,NA,NA
"508","Free!-Dive to the Future-","미소년",NA,NA,NA,NA,NA
"509","Free! Eternal Summer","미소년",NA,NA,NA,NA,NA
"510","GANGSTA.","이능력",NA,NA,NA,NA,NA
"511","GTO 반항하지마","선생님","발랄가볍","먼치킨","카리스마",NA,NA
"512","IDOLY PRIDE","연예인","발랄가볍","아이돌",NA,NA,NA
"513","K 1기","이능력",NA,NA,NA,NA,NA
"514","K RETURN OF KINGS","이능력",NA,NA,NA,NA,NA
"515","Lostorage conflated WIXOSS","미소녀","교복",NA,NA,NA,NA
"516","MARGINAL 4 KISS에서 창조되는 Big Bang","연예인","아이돌",NA,NA,NA,NA
"517","NEW 아기공룡 둘리","발랄가볍",NA,NA,NA,NA,NA
"518","NIGHT HEAD 2041","이능력",NA,NA,NA,NA,NA
"519","RAINBOW","히어로",NA,NA,NA,NA,NA
"520","RE-MAIN","발랄가볍",NA,NA,NA,NA,NA
"521","Re : 제로부터 시작하는 이세계 생활 - 빙결의 인연","히어로","이능력",NA,NA,NA,NA
"522","SELECTION PROJECT","미소녀","아이돌",NA,NA,NA,NA
"523","SHOW BY ROCK!! STARS!!","요괴 및 괴물","아이돌",NA,NA,NA,NA
"524","SHOW BY ROCK!! 마슈마이렛슈!!","요괴 및 괴물","아이돌",NA,NA,NA,NA
"525","sin 일곱 개의 대죄","미소녀","마왕",NA,NA,NA,NA
"526","Sonny Boy","이능력",NA,NA,NA,NA,NA
"527","space radio","동물",NA,NA,NA,NA,NA
"528","SSSS.DYNAZENON","요괴 및 괴물","열혈","로봇",NA,NA,NA
"529","SSSS.GRIDMAN","요괴 및 괴물","열혈","기억상실","로봇",NA,NA
"530","Sweet Dream","발랄가볍",NA,NA,NA,NA,NA
"531","TIGER & BUNNY - 판권 부활","히어로","이능력",NA,NA,NA,NA
"532","TRICKSTER -에도가와 란포 「소년탐정단」으로부터-","이능력",NA,NA,NA,NA,NA
"533","W'z","이능력",NA,NA,NA,NA,NA
"534","Wake up, Girls! 신장","아이돌",NA,NA,NA,NA,NA
"535","WAVE!! ~서핑하자!!~","발랄가볍","미소년",NA,NA,NA,NA
"536","WIXOSS DIVA (A) LIVE","미소녀","교복",NA,NA,NA,NA
"537","X 엑스","먼치킨",NA,NA,NA,NA,NA
"538","가극 소녀!!","미소녀",NA,NA,NA,NA,NA
"539","가브릴 드롭아웃","악마 또는 천사",NA,NA,NA,NA,NA
"540","가정교사 히트맨 리본!","이능력","싸우는 미소녀",NA,NA,NA,NA
"541","간츠: 오","외계인","로봇","교복","먼치킨",NA,NA
"542","감옥학원","발랄가볍",NA,NA,NA,NA,NA
"543","갑철성의 카바네리","싸우는 미소녀","좀비",NA,NA,NA,NA
"544","강아지 특공대 : 파운드 퍼피","동물","발랄가볍",NA,NA,NA,NA
"545","개구쟁이 스머프","발랄가볍",NA,NA,NA,NA,NA
"546","개구쟁이 스머프 NEW","발랄가볍",NA,NA,NA,NA,NA
"547","갤럭시키즈 1","히어로","발랄가볍",NA,NA,NA,NA
"548","갤럭시키즈 2","히어로","발랄가볍",NA,NA,NA,NA
"549","갸루와 공룡","공룡","발랄가볍",NA,NA,NA,NA
"550","거미입니다만, 문제라도?","요괴 및 괴물",NA,NA,NA,NA,NA
"551","거친 계절의 소녀들이여","미소녀","발랄가볍",NA,NA,NA,NA
"552","건담 G의 레콘기스타 1: 가라! 코어 파이터","로봇",NA,NA,NA,NA,NA
"553","건담 G의 레콘기스타 2: 벨리 격진","로봇",NA,NA,NA,NA,NA
"554","건슬링거 걸","미소녀","싸우는 미소녀",NA,NA,NA,NA
"555","건어물 여동생 우마루짱","미소녀","발랄가볍","교복","귀여움",NA,NA
"556","건어물 여동생! 우마루짱 R (2기)","미소녀","발랄가볍","교복","귀여움",NA,NA
"557","걸즈 앤 판처","미소녀","싸우는 미소녀","귀여움",NA,NA,NA
"558","걸즈 앤 판처 : 제 63회 전차도 전국 고교생 대회","미소녀","싸우는 미소녀","귀여움",NA,NA,NA
"559","걸즈 앤 판처 최종장","미소녀","싸우는 미소녀","귀여움",NA,NA,NA
"560","검거미","동물",NA,NA,NA,NA,NA
"561","검은 요괴워치 - 쓰레기 인간을 찾아라 -","요괴 및 괴물","발랄가볍",NA,NA,NA,NA
"562","검정고무신 1기","발랄가볍","귀여움",NA,NA,NA,NA
"563","검정고무신 2기","발랄가볍","귀여움",NA,NA,NA,NA
"564","검정고무신 3기","발랄가볍","귀여움",NA,NA,NA,NA
"565","검정고무신 4기","발랄가볍","귀여움",NA,NA,NA,NA
"566","겁쟁이 페달 : 리제너레이션","열혈","오타쿠","먼치킨",NA,NA,NA
"567","겁쟁이 페달 : 스페어바이크","열혈","오타쿠","먼치킨",NA,NA,NA
"568","겁쟁이 페달 1기","열혈","오타쿠","먼치킨",NA,NA,NA
"569","겁쟁이 페달 2기 GRANDE ROAD","열혈","오타쿠","먼치킨",NA,NA,NA
"570","겁쟁이 페달 3기 NEW GENERATION","열혈","오타쿠","먼치킨",NA,NA,NA
"571","겁쟁이 페달 4기 GLORY LINE","열혈","오타쿠","먼치킨",NA,NA,NA
"572","게게게의 키타로 : 키타로의 유령전철","요괴 및 괴물","이능력","귀여움",NA,NA,NA
"573","게게게의 키타로 part 1","요괴 및 괴물","이능력","귀여움",NA,NA,NA
"574","게게게의 키타로 part 2","요괴 및 괴물","이능력","귀여움",NA,NA,NA
"575","게드 전기 : 어스시의 전설","귀여움",NA,NA,NA,NA,NA
"576","게이머즈!","발랄가볍","교복",NA,NA,NA,NA
"577","게키돌","아이돌",NA,NA,NA,NA,NA
"578","게키돌 OVA","아이돌",NA,NA,NA,NA,NA
"579","겟타 로보 아크","열혈","로봇",NA,NA,NA,NA
"580","경계의 저편","요괴 및 괴물","귀여움","먼치킨",NA,NA,NA
"581","경계의 저편 : 과거편 - 판권 부활","요괴 및 괴물","귀여움","먼치킨",NA,NA,NA
"582","경계의 저편 : 미래편 - 판권 부활","요괴 및 괴물","귀여움","먼치킨",NA,NA,NA
"583","경계전기","로봇",NA,NA,NA,NA,NA
"584","경시청 특무부 특수흉악범 대책실 제 7과 -토쿠나나-","경찰",NA,NA,NA,NA,NA
"585","고스트 메신저","귀신",NA,NA,NA,NA,NA
"586","고스트 바둑왕 part 1","귀신","먼치킨",NA,NA,NA,NA
"587","고스트 바둑왕 part 2","귀신","먼치킨",NA,NA,NA,NA
"588","고스트 바둑왕 part 3","귀신","먼치킨",NA,NA,NA,NA
"589","고스트 바둑왕 part 4","귀신","먼치킨",NA,NA,NA,NA
"590","고스트 바둑왕 part 5","귀신","먼치킨",NA,NA,NA,NA
"591","고스트 바둑왕 part 6","귀신","먼치킨",NA,NA,NA,NA
"592","고스트 바둑왕 스페셜 : 북두배로 가는 길","귀신","먼치킨",NA,NA,NA,NA
"593","고양이의 보은","발랄가볍",NA,NA,NA,NA,NA
"594","곰 곰 곰 베어","동물","발랄가볍","귀여움","먼치킨",NA,NA
"595","공룡 대발이 : 살아있는 공룡","공룡","발랄가볍",NA,NA,NA,NA
"596","공룡 대발이 율동동요 3D","공룡","발랄가볍",NA,NA,NA,NA
"597","공전마도사 후보생의 교관","미소녀","이능력","먼치킨",NA,NA,NA
"598","광전대 마스크맨","히어로","이능력","로봇",NA,NA,NA
"599","괴도 세인트 테일","도둑","교복","귀여움",NA,NA,NA
"600","괴도 키드 1412","도둑","탐정","먼치킨",NA,NA,NA
"601","괴물사변","요괴 및 괴물","열혈",NA,NA,NA,NA
"602","괴병의 라무네","요괴 및 괴물",NA,NA,NA,NA,NA
"603","교토탐정 홈즈","발랄가볍",NA,NA,NA,NA,NA
"604","교향시편 유레카 세븐 하이에볼루션 1","이능력","로봇",NA,NA,NA,NA
"605","교향시편 유레카 세븐 하이에볼루션 2 : 아네모네","이능력","로봇",NA,NA,NA,NA
"606","궁금해요 핑퐁","발랄가볍",NA,NA,NA,NA,NA
"607","귀를 기울이면","귀여움",NA,NA,NA,NA,NA
"608","귀멸의 칼날 : 무한열차편","요괴 및 괴물","열혈",NA,NA,NA,NA
"609","귀여우면 변태라도 좋아해 주실 수 있나요?","미소녀",NA,NA,NA,NA,NA
"610","그 남자, 그 여자의 사정","미소녀","주체적 여성","교복","미소년","먼치킨",NA
"611","그녀도 여친","발랄가볍",NA,NA,NA,NA,NA
"612","그라부룻!","전사",NA,NA,NA,NA,NA
"613","그란벨름","로봇",NA,NA,NA,NA,NA
"614","그랑블루 판타지 The Animation","전사",NA,NA,NA,NA,NA
"615","그랑블루 판타지 The Animation 2기","전사",NA,NA,NA,NA,NA
"616","그리자이아 : 팬텀 트리거 01. 소드","군인","먼치킨",NA,NA,NA,NA
"617","그리자이아 : 팬텀 트리거 02. 소울 스피드","군인","먼치킨",NA,NA,NA,NA
"618","극장판 11기 포켓몬스터 DP: 기라티나와 하늘의 꽃다발 쉐이미","발랄가볍",NA,NA,NA,NA,NA
"619","극장판 12기 포켓몬스터 DP: 아르세우스 초극의 시공으로","발랄가볍",NA,NA,NA,NA,NA
"620","극장판 13기 포켓몬스터 DP: 환영의 패왕 조로아크","발랄가볍",NA,NA,NA,NA,NA
"621","극장판 14기 포켓몬스터 BW: 비크티니와 백의 영웅 레시라무","발랄가볍",NA,NA,NA,NA,NA
"622","극장판 14기 포켓몬스터 BW: 비크티니와 흑의 영웅 제크로무","발랄가볍",NA,NA,NA,NA,NA
"623","극장판 15기 포켓몬스터 BW: 큐레무 vs 성검사 케르디오","발랄가볍",NA,NA,NA,NA,NA
"624","극장판 16기 포켓몬스터 BW: 신의 속도 게노세크트, 뮤츠의 각성","발랄가볍",NA,NA,NA,NA,NA
"625","극장판 17기 포켓몬스터 XY: 파괴의 포켓몬과 디안시","발랄가볍",NA,NA,NA,NA,NA
"626","극장판 19기 포켓몬스터 XY: 볼케니온: 기계왕국의 비밀","발랄가볍",NA,NA,NA,NA,NA
"627","극장판 2기 포켓몬스터: 루기아의 탄생","발랄가볍",NA,NA,NA,NA,NA
"628","극장판 3기 포켓몬스터: 결정탑의 제왕 앤테이","발랄가볍",NA,NA,NA,NA,NA
"629","극장판 4기 포켓몬스터: 세레비 시간을 초월한 만남","발랄가볍",NA,NA,NA,NA,NA
"630","극장판 5기 포켓몬스터: 물의 도시의 수호신 라티아스와 라티오스","발랄가볍",NA,NA,NA,NA,NA
"631","극장판 6기 포켓몬스터 AG: 아름다운 소원의 별 지라치","발랄가볍",NA,NA,NA,NA,NA
"632","극장판 7기 포켓몬스터 AG: 열공의 방문자 테오키스","발랄가볍",NA,NA,NA,NA,NA
"633","극장판 8기 포켓몬스터 AG: 뮤와 파동의 용사 루카리오","발랄가볍",NA,NA,NA,NA,NA
"634","극장판 9기 포켓몬스터 AG: 포켓몬 레인저와 바다의 왕자 마나피","발랄가볍",NA,NA,NA,NA,NA
"635","극장판 Fate/kaleid liner 프리즈마 이리야 : 설하의 맹세","미소녀","먼치킨",NA,NA,NA,NA
"636","극장판 K seven stories : RB BLAZE","이능력",NA,NA,NA,NA,NA
"637","극장판 K Sevens Stories : Circle Vision ~Nameless Song~","이능력",NA,NA,NA,NA,NA
"638","극장판 K Sevens Stories : SIDE : GREEN ~덮어쓴 세계~","이능력",NA,NA,NA,NA,NA
"639","극장판 K Sevens Stories : 메모리 오브 레드 ~BURN~","이능력",NA,NA,NA,NA,NA
"640","극장판 K: Sevens Stories: LOST Small World ~우리 저편에~","이능력",NA,NA,NA,NA,NA
"641","극장판 Selector: Destructed WIXOSS","미소녀","교복",NA,NA,NA,NA
"642","극장판 귀멸의 칼날 : 무한열차편","요괴 및 괴물","열혈",NA,NA,NA,NA
"643","극장판 금빛 모자이크 : 프리티 데이즈","미소녀","발랄가볍","교복","귀여움",NA,NA
"644","극장판 기동전함 나데시코","미소녀","귀여움",NA,NA,NA,NA
"645","극장판 나루토 질풍전 1기 : 나루토의 죽음","이능력","먼치킨",NA,NA,NA,NA
"646","극장판 나루토 질풍전 2기 : 인연","이능력","먼치킨",NA,NA,NA,NA
"647","극장판 나루토 질풍전 3기 : 불의 의지를 잇는 자","이능력","먼치킨",NA,NA,NA,NA
"648","극장판 나츠메 우인장 : 세상과 연을 맺다","요괴 및 괴물","미소년",NA,NA,NA,NA
"649","극장판 노 게임 노 라이프 제로","먼치킨",NA,NA,NA,NA,NA
"650","극장판 마법천자문: 대마왕의 부활을 막아라","마왕",NA,NA,NA,NA,NA
"651","극장판 마야","발랄가볍",NA,NA,NA,NA,NA
"652","극장판 문호 스트레이 독스 DEAD APPLE","이능력","탐정",NA,NA,NA,NA
"653","극장판 블러드 C : 더 라스트 다크","요괴 및 괴물","주체적 여성","전사","먼치킨",NA,NA
"654","극장판 블리치 1~4기","카리스마",NA,NA,NA,NA,NA
"655","극장판 빨간머리 앤: 그린 게이블로 가는 길","주체적 여성","발랄가볍","귀여움",NA,NA,NA
"656","극장판 뽀로로의 대모험","발랄가볍","귀여움",NA,NA,NA,NA
"657","극장판 소드 아트 온라인 -오디널 스케일-","미소녀","전사","먼치킨",NA,NA,NA
"658","극장판 숲의 요정 페어리루 ~ 크리스마스의 기적 : 마법의 날개 ~","발랄가볍",NA,NA,NA,NA,NA
"659","극장판 시도니아의 기사","외계인","로봇","군인","전사",NA,NA
"660","극장판 안녕 자두야","귀여움",NA,NA,NA,NA,NA
"661","극장판 왕실교사 하이네","선생님",NA,NA,NA,NA,NA
"662","극장판 원피스 11기: 밀짚모자 체이스","이능력","카리스마",NA,NA,NA,NA
"663","극장판 원피스 9기: 에피소드 오브 쵸파","이능력","카리스마",NA,NA,NA,NA
"664","극장판 이누야샤 네 번째 : 홍련의 봉래도","요괴 및 괴물",NA,NA,NA,NA,NA
"665","극장판 이누야샤 두 번째 : 거울 속의 몽환성","요괴 및 괴물",NA,NA,NA,NA,NA
"666","극장판 이누야샤 세 번째 : 천하패도의 검","요괴 및 괴물",NA,NA,NA,NA,NA
"667","극장판 이누야샤 첫 번째 : 시대를 초월하는 마음","요괴 및 괴물",NA,NA,NA,NA,NA
"668","극장판 주문은 토끼입니까? ~Dear my sister~","미소녀","발랄가볍",NA,NA,NA,NA
"669","극장판 짱구는 못말려 10기 : 태풍을 부르는 장엄한 전설의 전투","발랄가볍","귀여움",NA,NA,NA,NA
"670","극장판 짱구는 못말려 11기 : 태풍을 부르는 영광의 불고기 로드","발랄가볍","귀여움",NA,NA,NA,NA
"671","극장판 짱구는 못말려 12기 : 폭풍을 부르는 석양의 떡잎마을 방범대","발랄가볍","귀여움",NA,NA,NA,NA
"672","극장판 짱구는 못말려 13기 : 부리부리 3분 대진격","발랄가볍","귀여움",NA,NA,NA,NA
"673","극장판 짱구는 못말려 1기 : 액션가면 VS 그래그래 마왕","발랄가볍","귀여움",NA,NA,NA,NA
"674","극장판 짱구는 못말려 2기 : 부리부리 왕국의 보물","발랄가볍","귀여움",NA,NA,NA,NA
"675","극장판 짱구는 못말려 3기 : 흑부리 마왕의 야망","발랄가볍","귀여움",NA,NA,NA,NA
"676","극장판 짱구는 못말려 4기 : 핸더랜드의 대모험","발랄가볍","귀여움",NA,NA,NA,NA
"677","극장판 짱구는 못말려 5기 : 암흑 마왕 대추적","발랄가볍","귀여움",NA,NA,NA,NA
"678","극장판 짱구는 못말려 6기 : 돼지발굽 대작전","발랄가볍","귀여움",NA,NA,NA,NA
"679","극장판 짱구는 못말려 7기 : 폭발! 온천부글부글 대작전","발랄가볍","귀여움",NA,NA,NA,NA
"680","극장판 짱구는 못말려 8기 : 폭풍을 부르는 정글","발랄가볍","귀여움",NA,NA,NA,NA
"681","극장판 짱구는 못말려 9기 : 어른제국의 역습","발랄가볍","귀여움",NA,NA,NA,NA
"682","극장판 창궁의 파프너 : Heaven and Earth","로봇",NA,NA,NA,NA,NA
"683","극장판 카드캡터 체리 첫번째","마법소녀","교복",NA,NA,NA,NA
"684","극장판 코드기아스 반역의 를르슈 1부 -흥도-","이능력","로봇","미소년","먼치킨",NA,NA
"685","극장판 코드기아스 반역의 를르슈 2부 -반도-","이능력","로봇","미소년","먼치킨",NA,NA
"686","극장판 코드기아스 반역의 를르슈 3부 -황도-","이능력","로봇","미소년","먼치킨",NA,NA
"687","극장판 쿠로코의 농구 라스트 게임","이능력","열혈","미소년","먼치킨",NA,NA
"688","극장판 테니스의 왕자: 영국식 테니스성 결전","교복","미소년","먼치킨",NA,NA,NA
"689","극장판 트랜스포머 프라임 프레데콘 라이징","외계인","로봇","전사",NA,NA,NA
"690","극장판 트레인 히어로","외계인","로봇","귀여움",NA,NA,NA
"691","극장판 프리! - 테이크 유어 마크 -","미소년",NA,NA,NA,NA,NA
"692","극장판 프리! <U+2013> 타임리스 메들리 - 약속","미소년",NA,NA,NA,NA,NA
"693","극장판 프리! <U+2013> 타임리스 메들리 - 인연","미소년",NA,NA,NA,NA,NA
"694","글레이프니르","열혈",NA,NA,NA,NA,NA
"695","기괴하고 요상한 귀신딱지","귀신",NA,NA,NA,NA,NA
"696","기동전사 건담 내러티브","로봇",NA,NA,NA,NA,NA
"697","기동전사 건담 디 오리진 1 : 푸른 눈의 캬스발","로봇",NA,NA,NA,NA,NA
"698","기동전사 건담 디 오리진 2 : 슬픔의 아르테이시아","로봇",NA,NA,NA,NA,NA
"699","기동전사 건담 디 오리진 3 : 새벽의 봉기","로봇",NA,NA,NA,NA,NA
"700","기동전사 건담 디 오리진 4 : 운명의 전야","로봇",NA,NA,NA,NA,NA
"701","기동전사 건담 디 오리진 5 : 격돌 루움 전투","로봇",NA,NA,NA,NA,NA
"702","기동전사 건담 디 오리진 6 : 탄생 붉은 혜성","로봇",NA,NA,NA,NA,NA
"703","기동전사 건담 썬더볼트 : 디셈버 스카이","로봇",NA,NA,NA,NA,NA
"704","기동전사 건담 썬더볼트 : 밴디트 플라워","로봇",NA,NA,NA,NA,NA
"705","기동전사 건담 유니콘 RE:0096","로봇",NA,NA,NA,NA,NA
"706","기동전함 나데시코","미소녀",NA,NA,NA,NA,NA
"707","길모퉁이 마족","마법소녀","발랄가볍",NA,NA,NA,NA
"708","꼬냥툰 시즌 1","발랄가볍","귀여움",NA,NA,NA,NA
"709","꼬마 돌고래 뽀뚜와 빠오 시즌 1","동물",NA,NA,NA,NA,NA
"710","꼬마 돌고래 뽀뚜와 빠오 시즌 2","동물",NA,NA,NA,NA,NA
"711","꼬마탐정 시양양과 후이타이랑","발랄가볍",NA,NA,NA,NA,NA
"712","꼬마탐정 토비와 테리","발랄가볍",NA,NA,NA,NA,NA
"713","꿈의 라이브 프리즘스톤","연예인","발랄가볍","아이돌",NA,NA,NA
"714","꿈의 보석 프리즘스톤","연예인","발랄가볍","아이돌",NA,NA,NA
"715","나루토 1기","이능력","먼치킨",NA,NA,NA,NA
"716","나루토 2기","이능력","먼치킨",NA,NA,NA,NA
"717","나루토 3기","이능력","먼치킨",NA,NA,NA,NA
"718","나루토 4기","이능력","먼치킨",NA,NA,NA,NA
"719","나루토 5기","이능력","먼치킨",NA,NA,NA,NA
"720","나루토 질풍전 1기","이능력","먼치킨",NA,NA,NA,NA
"721","나루토 질풍전 2기","이능력","먼치킨",NA,NA,NA,NA
"722","나루토 질풍전 3기","이능력","먼치킨",NA,NA,NA,NA
"723","나루토 질풍전 4기","이능력","먼치킨",NA,NA,NA,NA
"724","나루토 질풍전 5기","이능력","먼치킨",NA,NA,NA,NA
"725","나루토 질풍전 6기","이능력","먼치킨",NA,NA,NA,NA
"726","나루토 질풍전 7기","이능력","먼치킨",NA,NA,NA,NA
"727","나루토 질풍전 8기","이능력","먼치킨",NA,NA,NA,NA
"728","나루토 질풍전 9기","이능력","먼치킨",NA,NA,NA,NA
"729","나를 좋아하는 건 너뿐이냐","미소녀","발랄가볍",NA,NA,NA,NA
"730","나만 들어가는 숨겨진 던전","먼치킨",NA,NA,NA,NA,NA
"731","나만이 없는 거리","이능력",NA,NA,NA,NA,NA
"732","나에게 천사가 내려왔다!","발랄가볍",NA,NA,NA,NA,NA
"733","나의 히어로 아카데미아 : 구해라! 구조 훈련!","히어로","이능력","먼치킨",NA,NA,NA
"734","나의 히어로 아카데미아 : 살아남아라! 결사의 서바이벌 훈련","히어로","이능력","먼치킨",NA,NA,NA
"735","나의 히어로 아카데미아 더 무비 : 두 명의 히어로","히어로","이능력","먼치킨",NA,NA,NA
"736","나의 히어로 아카데미아 더 무비 : 히어로즈 라이징","히어로","이능력","먼치킨",NA,NA,NA
"737","나이츠 앤 매직","로봇","발랄가볍",NA,NA,NA,NA
"738","나츠메 우인장 : 이시오코시와 수상한 방문자","요괴 및 괴물","미소년",NA,NA,NA,NA
"739","나츠메 우인장 1기","요괴 및 괴물","미소년",NA,NA,NA,NA
"740","나츠메 우인장 2기","요괴 및 괴물","미소년",NA,NA,NA,NA
"741","나츠메 우인장 3기","요괴 및 괴물","미소년",NA,NA,NA,NA
"742","나츠메 우인장 4기","요괴 및 괴물","미소년",NA,NA,NA,NA
"743","나츠메 우인장 5기","요괴 및 괴물","미소년",NA,NA,NA,NA
"744","나츠메 우인장 6기","요괴 및 괴물","미소년",NA,NA,NA,NA
"745","나츠메 우인장 OVA 1: 야옹 선생과 첫 심부름","요괴 및 괴물","미소년",NA,NA,NA,NA
"746","나카노히토 게놈 [실황중]","발랄가볍",NA,NA,NA,NA,NA
"747","나팔꽃과 카세씨","발랄가볍",NA,NA,NA,NA,NA
"748","낙원","동물",NA,NA,NA,NA,NA
"749","낙원추방","로봇",NA,NA,NA,NA,NA
"750","낙제기사의 영웅담","먼치킨",NA,NA,NA,NA,NA
"751","남자 고교생의 일상","발랄가볍","교복",NA,NA,NA,NA
"752","낮잠공주 : 모르는 나의 이야기","발랄가볍",NA,NA,NA,NA,NA
"753","내가 아가씨 학교에 서민샘플로 납치당한 사건","발랄가볍","교복",NA,NA,NA,NA
"754","네 귀가 보여","요괴 및 괴물","발랄가볍",NA,NA,NA,NA
"755","네가 있는 마을","미소녀","발랄가볍","교복","귀여움",NA,NA
"756","네코모노가타리 : 백","미소녀","요괴 및 괴물","뱀파이어",NA,NA,NA
"757","네코모노가타리 : 흑 - 판권 부활","미소녀","요괴 및 괴물","뱀파이어",NA,NA,NA
"758","노 게임 노 라이프 - 판권 부활","먼치킨",NA,NA,NA,NA,NA
"759","노기자카 하루카의 비밀 2기","미소녀","발랄가볍",NA,NA,NA,NA
"760","노라가미","이능력",NA,NA,NA,NA,NA
"761","노라가미 ARAGOTO","이능력",NA,NA,NA,NA,NA
"762","노래하는☆왕자님♪ 진심 LOVE 킹덤","연예인","발랄가볍","미소년","아이돌",NA,NA
"763","논논비요리 : 논스톱","교복",NA,NA,NA,NA,NA
"764","논논비요리 : 베케이션","교복",NA,NA,NA,NA,NA
"765","놀이터 구조대 뽀잉 시즌 1","동물",NA,NA,NA,NA,NA
"766","놀이터 구조대 뽀잉 시즌 2","동물",NA,NA,NA,NA,NA
"767","뉴 꾸러기 닌자 토리 리턴즈","발랄가볍",NA,NA,NA,NA,NA
"768","늑대소녀와 흑왕자","발랄가볍","미소년",NA,NA,NA,NA
"769","니세모노가타리","미소녀","요괴 및 괴물","뱀파이어",NA,NA,NA
"770","니세코이","발랄가볍","교복",NA,NA,NA,NA
"771","니세코이: (2기)","발랄가볍","교복",NA,NA,NA,NA
"772","다!다!다!","외계인","발랄가볍","교복",NA,NA,NA
"773","다가시카시 1기 - 판권 부활","발랄가볍",NA,NA,NA,NA,NA
"774","다윈즈 게임","이능력",NA,NA,NA,NA,NA
"775","다이노 어드벤처 : 뉴 자이언트","공룡",NA,NA,NA,NA,NA
"776","다이노 어드벤처 : 에일리언 월드","공룡",NA,NA,NA,NA,NA
"777","다이노 어드벤처 : 육해공 킬러 엘리트","공룡",NA,NA,NA,NA,NA
"778","다이노 어드벤처 2 : 육해공 공룡 대백과","공룡",NA,NA,NA,NA,NA
"779","다이노코어 에볼루션","로봇","공룡","발랄가볍",NA,NA,NA
"780","단칸방의 침략자!?","요괴 및 괴물","외계인","발랄가볍",NA,NA,NA
"781","단풍나무 뉴타운","발랄가볍","귀여움",NA,NA,NA,NA
"782","달과 라이카와 흡혈공주","요괴 및 괴물",NA,NA,NA,NA,NA
"783","달링 인 더 프랑키스","로봇",NA,NA,NA,NA,NA
"784","달의 요정 세일러 문","미소녀","마법소녀","싸우는 미소녀","교복",NA,NA
"785","달의 요정 세일러 문 R","미소녀","마법소녀","싸우는 미소녀","교복",NA,NA
"786","달의 요정 세일러 문 Sailor Stars","미소녀","마법소녀","싸우는 미소녀","교복",NA,NA
"787","달의 요정 세일러 문 SuperS","미소녀","마법소녀","싸우는 미소녀","교복",NA,NA
"788","달이 이끄는 이세계 여행","먼치킨",NA,NA,NA,NA,NA
"789","당신이 버린 개에 관한 이야기","동물",NA,NA,NA,NA,NA
"790","대 마도학원 35시험소대","먼치킨",NA,NA,NA,NA,NA
"791","대발이와 쿵쿵따 친구들 시즌 1","공룡","발랄가볍",NA,NA,NA,NA
"792","대발이와 쿵쿵따 친구들 시즌 3","공룡","발랄가볍",NA,NA,NA,NA
"793","대발이와 쿵쿵따 친구들 시즌 4","공룡","발랄가볍",NA,NA,NA,NA
"794","댄스 위드 데빌즈 -Fortuna-","귀신","뱀파이어",NA,NA,NA,NA
"795","더블데커! 더그&키릴","히어로","이능력","경찰",NA,NA,NA
"796","던전에서 만남을 추구하면 안 되는 걸까","발랄가볍",NA,NA,NA,NA,NA
"797","던전에서 만남을 추구하면 안 되는 걸까 : 오리온의 화살","발랄가볍",NA,NA,NA,NA,NA
"798","던전에서 만남을 추구하면 안 되는 걸까 Ⅱ","발랄가볍",NA,NA,NA,NA,NA
"799","던전에서 만남을 추구하면 안 되는 걸까 Ⅱ OVA","발랄가볍",NA,NA,NA,NA,NA
"800","던전에서 만남을 추구하면 안 되는 걸까 III","발랄가볍",NA,NA,NA,NA,NA
"801","던전에서 만남을 추구하면 안 되는 걸까 III OVA","발랄가볍",NA,NA,NA,NA,NA
"802","던전에서 온천을 추구하면 안 되는 걸까","발랄가볍",NA,NA,NA,NA,NA
"803","덤벨 몇 킬로까지 들 수 있어?","미소녀",NA,NA,NA,NA,NA
"804","데블즈라인","뱀파이어",NA,NA,NA,NA,NA
"805","데빌 서바이버 2 THE ANIMATION","악마 또는 천사",NA,NA,NA,NA,NA
"806","데스마치에서 시작되는 이세계 광상곡","미소녀","먼치킨",NA,NA,NA,NA
"807","데이트 어 라이브 Ⅲ","싸우는 미소녀",NA,NA,NA,NA,NA
"808","도깨비 언덕에 왜 왔니?","요괴 및 괴물","발랄가볍",NA,NA,NA,NA
"809","도라에몽 : 스탠바이미 2","동물","발랄가볍","귀여움",NA,NA,NA
"810","도라에몽 : 진구와 구름 왕국","동물","발랄가볍","귀여움",NA,NA,NA
"811","도라에몽 : 진구와 꿈의 삼총사","동물","발랄가볍","귀여움",NA,NA,NA
"812","도라에몽 : 진구와 양철 인형","동물","발랄가볍","귀여움",NA,NA,NA
"813","도라에몽 : 진구의 달 탐사기","동물","발랄가볍","귀여움",NA,NA,NA
"814","도라에몽 : 진구의 도라비안 나이트","동물","발랄가볍","귀여움",NA,NA,NA
"815","도라에몽 : 진구의 신공룡","동물","발랄가볍","귀여움",NA,NA,NA
"816","도사의 무녀","미소녀","이능력","싸우는 미소녀",NA,NA,NA
"817","도사의 무녀 : 새겨진 일섬의 등불","미소녀","이능력","싸우는 미소녀",NA,NA,NA
"818","도우미 여우 센코 씨","요괴 및 괴물","동물","발랄가볍",NA,NA,NA
"819","도쿄 구울","이능력","먼치킨",NA,NA,NA,NA
"820","도쿄 구울 √A","이능력","먼치킨",NA,NA,NA,NA
"821","도쿄 리벤저스 part 1","이능력","열혈",NA,NA,NA,NA
"822","도쿄 리벤저스 part 2","이능력","열혈",NA,NA,NA,NA
"823","돌격! 사랑의 레볼루션 Episode 01","마법소녀","발랄가볍",NA,NA,NA,NA
"824","동거인은 무릎, 때때로 머리 위","동물","발랄가볍",NA,NA,NA,NA
"825","된다! 뭐든!","발랄가볍",NA,NA,NA,NA,NA
"826","두리둥실 뭉게공항 시즌 1","발랄가볍",NA,NA,NA,NA,NA
"827","뒤떨어진 후르츠 타르트","미소녀","발랄가볍","아이돌",NA,NA,NA
"828","드래곤, 집을 사다","요괴 및 괴물",NA,NA,NA,NA,NA
"829","드래곤볼 GT","열혈","먼치킨","카리스마",NA,NA,NA
"830","드래곤볼 Z 1기","열혈","먼치킨","카리스마",NA,NA,NA
"831","드래곤볼 Z 2기","열혈","먼치킨","카리스마",NA,NA,NA
"832","드래곤볼 Z 3기","열혈","먼치킨","카리스마",NA,NA,NA
"833","드래곤볼 Z KAI 1기","열혈","먼치킨","카리스마",NA,NA,NA
"834","드래곤볼 Z KAI 2기","열혈","먼치킨","카리스마",NA,NA,NA
"835","드래곤볼 슈퍼","열혈","먼치킨","카리스마",NA,NA,NA
"836","드래곤볼 슈퍼 2기","열혈","먼치킨","카리스마",NA,NA,NA
"837","드래곤볼 슈퍼 3기","열혈","먼치킨","카리스마",NA,NA,NA
"838","디보 1분쇼 - 영어","공룡","발랄가볍",NA,NA,NA,NA
"839","디보 1분쇼 - 한국어","공룡","발랄가볍",NA,NA,NA,NA
"840","디보와 노래해요 - 영어","공룡","발랄가볍",NA,NA,NA,NA
"841","디보와 노래해요 - 한국어","공룡","발랄가볍",NA,NA,NA,NA
"842","라바 시즌 1","동물","발랄가볍",NA,NA,NA,NA
"843","라바 시즌 2","발랄가볍",NA,NA,NA,NA,NA
"844","라바 인 뉴욕(시즌 3)","발랄가볍",NA,NA,NA,NA,NA
"845","라바키즈 영어 동요 part 1","발랄가볍",NA,NA,NA,NA,NA
"846","라바키즈 영어 동요 part 2","발랄가볍",NA,NA,NA,NA,NA
"847","라바키즈 한국어 동요 part 1","발랄가볍",NA,NA,NA,NA,NA
"848","라바키즈 한국어 동요 part 2","발랄가볍",NA,NA,NA,NA,NA
"849","라이스 맨","히어로","발랄가볍",NA,NA,NA,NA
"850","라이플 이즈 뷰티풀","미소녀",NA,NA,NA,NA,NA
"851","라피스 리라이츠","미소녀","발랄가볍","아이돌",NA,NA,NA
"852","러브 라이브! 1기","미소녀","연예인","발랄가볍","교복","아이돌",NA
"853","러브 라이브! 2기","미소녀","연예인","발랄가볍","교복","아이돌",NA
"854","러브 라이브! 니지가사키 학원 스쿨 아이돌 동호회","미소녀","연예인","발랄가볍","교복","아이돌",NA
"855","러브 라이브! 더 스쿨 아이돌 무비","미소녀","연예인","발랄가볍","교복","아이돌",NA
"856","러브 라이브! 선샤인!! 1기","미소녀","연예인","발랄가볍","교복","아이돌",NA
"857","러브 라이브! 선샤인!! 2기","미소녀","연예인","발랄가볍","교복","아이돌",NA
"858","러브 라이브! 선샤인!! 더 스쿨 아이돌 무비 오버 더 레인보우","미소녀","연예인","발랄가볍","교복","아이돌",NA
"859","러브 라이브! 슈퍼스타!!","미소녀","연예인","발랄가볍","교복","아이돌",NA
"860","러브 앤 프로듀서","연예인","미소년",NA,NA,NA,NA
"861","럭 앤 로직","이능력",NA,NA,NA,NA,NA
"862","런닝맨 스페셜: 게임의 시작","발랄가볍",NA,NA,NA,NA,NA
"863","런닝맨 특별편","발랄가볍",NA,NA,NA,NA,NA
"864","런닝맨: 풀룰루의 역습","발랄가볍",NA,NA,NA,NA,NA
"865","런닝맨2 PART 1","발랄가볍",NA,NA,NA,NA,NA
"866","런닝맨2 PART 2","발랄가볍",NA,NA,NA,NA,NA
"867","레이드배커스","발랄가볍",NA,NA,NA,NA,NA
"868","레인보우","히어로",NA,NA,NA,NA,NA
"869","로그 호라이즌 : 원탁붕괴","이능력","먼치킨",NA,NA,NA,NA
"870","로그 호라이즌 1기","이능력","먼치킨",NA,NA,NA,NA
"871","로그 호라이즌 2기","이능력","먼치킨",NA,NA,NA,NA
"872","로드 엘멜로이 2세의 사건부","먼치킨",NA,NA,NA,NA,NA
"873","로비하치","외계인",NA,NA,NA,NA,NA
"874","로터리파크","요괴 및 괴물","발랄가볍",NA,NA,NA,NA
"875","롤러코스터 보이 노리 : 노리파크의 시작","발랄가볍",NA,NA,NA,NA,NA
"876","롤러코스터 보이 노리 파트 1","발랄가볍",NA,NA,NA,NA,NA
"877","롤러코스터 보이 노리 파트 2","발랄가볍",NA,NA,NA,NA,NA
"878","루팡 3세 : 더 퍼스트","탐정","먼치킨",NA,NA,NA,NA
"879","루팡 3세 part 6","탐정","먼치킨",NA,NA,NA,NA
"880","루팡 3세 VS 명탐정 코난","탐정","먼치킨",NA,NA,NA,NA
"881","리라이프 - 판권 부활","교복",NA,NA,NA,NA,NA
"882","리라이프 FINAL ARC","교복",NA,NA,NA,NA,NA
"883","리스너즈","로봇",NA,NA,NA,NA,NA
"884","리즈와 파랑새","교복",NA,NA,NA,NA,NA
"885","마계학교 이루마군","악마 또는 천사","마왕","발랄가볍",NA,NA,NA
"886","마기아 레코드 : 마법소녀 마도카☆마기카 외전","미소녀","마법소녀",NA,NA,NA,NA
"887","마기아 레코드 : 마법소녀 마도카☆마기카 외전 세컨드 시즌","미소녀","마법소녀",NA,NA,NA,NA
"888","마녀 배달부 키키","발랄가볍","귀여움",NA,NA,NA,NA
"889","마루 밑 아리에티","귀여움",NA,NA,NA,NA,NA
"890","마루 위 구름","동물",NA,NA,NA,NA,NA
"891","마법소녀 나 - 판권 부활","마법소녀","아이돌",NA,NA,NA,NA
"892","마법소녀 특수전 아스카","마법소녀","싸우는 미소녀",NA,NA,NA,NA
"893","마술선배","미소녀",NA,NA,NA,NA,NA
"894","마에세츠!","미소녀","연예인",NA,NA,NA,NA
"895","마왕성에서 잘 자요","마왕","발랄가볍","귀여움",NA,NA,NA
"896","마왕학원의 부적합자","마왕","먼치킨",NA,NA,NA,NA
"897","마요치키","미소녀","발랄가볍","교복",NA,NA,NA
"898","마이 리틀 포니 : 레인보우 락","동물",NA,NA,NA,NA,NA
"899","마이 리틀 포니 : 에버프리의 전설","동물",NA,NA,NA,NA,NA
"900","마이 리틀 포니 : 최고로 멋진 선물","동물",NA,NA,NA,NA,NA
"901","마이 리틀 포니 : 프렌드쉽 게임","동물",NA,NA,NA,NA,NA
"902","마이 리틀 포니 1","동물",NA,NA,NA,NA,NA
"903","마이 리틀 포니 2","동물",NA,NA,NA,NA,NA
"904","마이 리틀 포니 3","동물",NA,NA,NA,NA,NA
"905","마이 리틀 포니 4","동물",NA,NA,NA,NA,NA
"906","마이 리틀 포니 5","동물",NA,NA,NA,NA,NA
"907","마이 리틀 포니 6","동물",NA,NA,NA,NA,NA
"908","마이 리틀 포니 7","동물",NA,NA,NA,NA,NA
"909","마이 리틀 포니 8","동물",NA,NA,NA,NA,NA
"910","마인크래프트 이야기","발랄가볍",NA,NA,NA,NA,NA
"911","마징카이저 SKL","로봇",NA,NA,NA,NA,NA
"912","만난 지 5초만에 배틀","이능력",NA,NA,NA,NA,NA
"913","머털도사","이능력",NA,NA,NA,NA,NA
"914","멋진 이 세계 The Animation","이능력",NA,NA,NA,NA,NA
"915","메르크 스토리아 - 무기력한 소년과 병 속의 소녀","요괴 및 괴물","발랄가볍",NA,NA,NA,NA
"916","메이드 인 어비스","귀여움",NA,NA,NA,NA,NA
"917","메이드 인 어비스 총집편 : 방랑하는 황혼","귀여움",NA,NA,NA,NA,NA
"918","메이드 인 어비스 총집편 : 여행의 새벽","귀여움",NA,NA,NA,NA,NA
"919","모여라! 고마짱 시즌 2","동물","발랄가볍",NA,NA,NA,NA
"920","모여라! 고마짱 시즌 3","동물","발랄가볍",NA,NA,NA,NA
"921","모여라! 고마짱 시즌 4","동물","발랄가볍",NA,NA,NA,NA
"922","모험왕 블링키","발랄가볍",NA,NA,NA,NA,NA
"923","목소리의 형태","교복",NA,NA,NA,NA,NA
"924","몬스터 아가씨의 의사 선생님","요괴 및 괴물",NA,NA,NA,NA,NA
"925","몬스터 하우스","외계인",NA,NA,NA,NA,NA
"926","몬스터탑","공룡",NA,NA,NA,NA,NA
"927","무능한 나나","이능력","교복",NA,NA,NA,NA
"928","무민밸리 대소동","동물",NA,NA,NA,NA,NA
"929","무직전생 : 이세계에 갔으면 최선을 다한다 1기","먼치킨",NA,NA,NA,NA,NA
"930","무직전생 : 이세계에 갔으면 최선을 다한다 2기","먼치킨",NA,NA,NA,NA,NA
"931","무타푸카즈","이능력","외계인",NA,NA,NA,NA
"932","무효와 로지의 마법률상담사무소 2기","요괴 및 괴물","이능력","악마 또는 천사",NA,NA,NA
"933","문호 스트레이 독스 1기","이능력","탐정",NA,NA,NA,NA
"934","문호 스트레이 독스 2기","이능력","탐정",NA,NA,NA,NA
"935","문호 스트레이 독스 3기","이능력","탐정",NA,NA,NA,NA
"936","문호 스트레이독스 멍!","이능력","발랄가볍","탐정",NA,NA,NA
"937","문호와 알케미스트 : 심판의 톱니바퀴","미소년",NA,NA,NA,NA,NA
"938","뮤지컬 콩순이 : 아빠랑 캠핑가요!","발랄가볍",NA,NA,NA,NA,NA
"939","미라큘러스: 레이디버그와 블랙캣 시즌 1","히어로","주체적 여성",NA,NA,NA,NA
"940","미소년 탐정단","미소년",NA,NA,NA,NA,NA
"941","미소의 대가","로봇",NA,NA,NA,NA,NA
"942","미스 모노크롬 뮤직 클립","아이돌",NA,NA,NA,NA,NA
"943","미야노 마모루 STUDIO LIVE ~STREAMING!~","발랄가볍",NA,NA,NA,NA,NA
"944","미이라 사육법","요괴 및 괴물","동물","귀여움",NA,NA,NA
"945","바니부기 : 드래곤 에그를 찾아서","발랄가볍",NA,NA,NA,NA,NA
"946","바니타스의 수기","요괴 및 괴물","미소년",NA,NA,NA,NA
"947","바다 탐험대 옥토넛 시즌4: 늪지탐험선K","발랄가볍",NA,NA,NA,NA,NA
"948","바다 탐험대 옥토넛 시즌4: 바다 괴물 대소동","발랄가볍",NA,NA,NA,NA,NA
"949","바다 탐험대 옥토넛 시즌4: 빙하탐험선S","발랄가볍",NA,NA,NA,NA,NA
"950","바다 탐험대 옥토넛 시즌4: 아슬아슬 구조대작전","발랄가볍",NA,NA,NA,NA,NA
"951","바다가 들린다","귀여움",NA,NA,NA,NA,NA
"952","바라카몬","발랄가볍","교복","먼치킨",NA,NA,NA
"953","바람계곡의 나우시카","주체적 여성",NA,NA,NA,NA,NA
"954","바람이 분다","귀여움",NA,NA,NA,NA,NA
"955","바보걸","교복",NA,NA,NA,NA,NA
"956","바케모노가타리 - 판권 부활","미소녀","요괴 및 괴물","뱀파이어",NA,NA,NA
"957","바쿠간 배틀 바쿠기어","발랄가볍",NA,NA,NA,NA,NA
"958","바쿠온!! - 판권 부활","미소녀","발랄가볍","교복",NA,NA,NA
"959","반지의 비밀일기 2","발랄가볍",NA,NA,NA,NA,NA
"960","반지의 비밀일기 part 1","발랄가볍",NA,NA,NA,NA,NA
"961","반지의 비밀일기 part 2","발랄가볍",NA,NA,NA,NA,NA
"962","발명왕 볼트","발랄가볍",NA,NA,NA,NA,NA
"963","방패 용사 성공담","먼치킨",NA,NA,NA,NA,NA
"964","백 애로우","로봇",NA,NA,NA,NA,NA
"965","백 텀블링!!","발랄가볍","미소년",NA,NA,NA,NA
"966","백요보","요괴 및 괴물",NA,NA,NA,NA,NA
"967","버블버블 마린","발랄가볍",NA,NA,NA,NA,NA
"968","버스데이 원더랜드","발랄가볍",NA,NA,NA,NA,NA
"969","벅스 프렌즈","발랄가볍",NA,NA,NA,NA,NA
"970","베르사유의 장미","주체적 여성","군인","카리스마",NA,NA,NA
"971","베르세르크 2016","악마 또는 천사","군인","카리스마",NA,NA,NA
"972","베리베리 뮤우뮤우","미소녀","마법소녀","발랄가볍",NA,NA,NA
"973","벨제붑 아가씨의 뜻대로","미소녀","악마 또는 천사","마왕","발랄가볍",NA,NA
"974","벼랑 위의 포뇨","귀여움",NA,NA,NA,NA,NA
"975","변덕쟁이 오렌지 로드","이능력",NA,NA,NA,NA,NA
"976","변신뭉치 모리","발랄가볍",NA,NA,NA,NA,NA
"977","보이는 여고생","귀신",NA,NA,NA,NA,NA
"978","복면계 노이즈","발랄가볍",NA,NA,NA,NA,NA
"979","볼츠와 블립","로봇","발랄가볍",NA,NA,NA,NA
"980","볼츠와 블립 달나라 리그의 전투","발랄가볍",NA,NA,NA,NA,NA
"981","부호형사 Balance : UNLIMITED","경찰",NA,NA,NA,NA,NA
"982","북두의 권 DD","열혈",NA,NA,NA,NA,NA
"983","불꽃 소방대 1기","이능력",NA,NA,NA,NA,NA
"984","불꽃 소방대 2기","이능력",NA,NA,NA,NA,NA
"985","불쾌한 모노노케안","요괴 및 괴물","발랄가볍","귀여움",NA,NA,NA
"986","불쾌한 모노노케안 속","요괴 및 괴물","발랄가볍","귀여움",NA,NA,NA
"987","붉은 돼지","군인",NA,NA,NA,NA,NA
"988","붓다 : 위대한 여정 - 판권 부활","선생님",NA,NA,NA,NA,NA
"989","붕괴3rd : 발키리's 키친","미소녀","발랄가볍",NA,NA,NA,NA
"990","블라","발랄가볍",NA,NA,NA,NA,NA
"991","블랙 불릿","미소녀","이능력","먼치킨",NA,NA,NA
"992","블레이드 앤 소울 - 판권 부활","이능력","주체적 여성",NA,NA,NA,NA
"993","블레이징 틴스 5 레전드전사 1기","발랄가볍",NA,NA,NA,NA,NA
"994","블레이징 틴스 5 레전드전사 2기","발랄가볍",NA,NA,NA,NA,NA
"995","블렌드 S","미소녀","발랄가볍",NA,NA,NA,NA
"996","블리치 1기","카리스마",NA,NA,NA,NA,NA
"997","블리치 2기","카리스마",NA,NA,NA,NA,NA
"998","블리치 3기","카리스마",NA,NA,NA,NA,NA
"999","블리치 4기","카리스마",NA,NA,NA,NA,NA
"1000","블리치 5기","카리스마",NA,NA,NA,NA,NA
"1001","블리치 6기","카리스마",NA,NA,NA,NA,NA
"1002","블리치 7기","카리스마",NA,NA,NA,NA,NA
"1003","비밀결사 매발톱단 시즌1","발랄가볍",NA,NA,NA,NA,NA
"1004","비밀결사 매발톱단 시즌2 (카운트다운)","발랄가볍",NA,NA,NA,NA,NA
"1005","비밀결사 매발톱단 시즌3 (NEO)","발랄가볍",NA,NA,NA,NA,NA
"1006","비밀결사 매발톱단 시즌4 (MAX)","발랄가볍",NA,NA,NA,NA,NA
"1007","비밀결사 매발톱단 시즌5 (KR)","발랄가볍",NA,NA,NA,NA,NA
"1008","비주얼 프리즌","미소년",NA,NA,NA,NA,NA
"1009","비키 & 조니","발랄가볍",NA,NA,NA,NA,NA
"1010","빅 오더","이능력",NA,NA,NA,NA,NA
"1011","빛의 전사 마스크맨","히어로","이능력","로봇",NA,NA,NA
"1012","빨간망토 챠챠","귀여움",NA,NA,NA,NA,NA
"1013","빰바라빤쮸 동요","발랄가볍",NA,NA,NA,NA,NA
"1014","빼꼼의 머그잔 여행","발랄가볍",NA,NA,NA,NA,NA
"1015","뽀로로 극장판 공룡섬 대모험","발랄가볍","귀여움",NA,NA,NA,NA
"1016","뽀로로 극장판 눈요정마을 대모험","발랄가볍","귀여움",NA,NA,NA,NA
"1017","뽀로로 극장판 컴퓨터 왕국 대모험","발랄가볍","귀여움",NA,NA,NA,NA
"1018","쁘띠쁘띠 뮤즈","마법소녀","발랄가볍",NA,NA,NA,NA
"1019","사랑한다고 말해","교복",NA,NA,NA,NA,NA
"1020","사카모토입니다만?","교복","미소년","카리스마",NA,NA,NA
"1021","사쿠라다 리셋","이능력","기억상실",NA,NA,NA,NA
"1022","사쿠라코 씨의 발밑에는 시체가 묻혀 있다","카리스마",NA,NA,NA,NA,NA
"1023","살육의 천사","기억상실",NA,NA,NA,NA,NA
"1024","삶은 아이돌","발랄가볍",NA,NA,NA,NA,NA
"1025","새벽의 연화","주체적 여성",NA,NA,NA,NA,NA
"1026","새여동생 마왕의 계약자","마왕","교복","먼치킨",NA,NA,NA
"1027","새여동생 마왕의 계약자 BURST","마왕","교복",NA,NA,NA,NA
"1028","샤를로트","이능력","기억상실","교복","미소년","먼치킨",NA
"1029","샤먼킹","귀신",NA,NA,NA,NA,NA
"1030","서뱀프 : 앨리스 인 더 가든","뱀파이어","교복",NA,NA,NA,NA
"1031","선물공룡 디보 - 영어","공룡","발랄가볍",NA,NA,NA,NA
"1032","선물공룡 디보 - 한국어","공룡","발랄가볍",NA,NA,NA,NA
"1033","선배가 짜증나는 후배이야기","발랄가볍","귀여움",NA,NA,NA,NA
"1034","성녀의 마력은 만능입니다","먼치킨",NA,NA,NA,NA,NA
"1035","세상에서 제일 작은 남자","발랄가볍",NA,NA,NA,NA,NA
"1036","세스타스 -The Roman Fighter-","열혈",NA,NA,NA,NA,NA
"1037","센과 치히로의 행방불명","요괴 및 괴물",NA,NA,NA,NA,NA
"1038","센류소녀","발랄가볍",NA,NA,NA,NA,NA
"1039","센토루의 고민","동물",NA,NA,NA,NA,NA
"1040","소꿉친구가 절대로 지지 않는 러브 코미디","연예인",NA,NA,NA,NA,NA
"1041","소녀☆가극 레뷰 스타라이트","싸우는 미소녀",NA,NA,NA,NA,NA
"1042","소녀전선 미니극장 - 광란편","발랄가볍",NA,NA,NA,NA,NA
"1043","소녀전선 미니극장 - 치유편","발랄가볍",NA,NA,NA,NA,NA
"1044","소년 할리우드","발랄가볍","아이돌",NA,NA,NA,NA
"1045","소드 아트 온라인 1기","미소녀","전사","먼치킨",NA,NA,NA
"1046","소드 아트 온라인 2기","미소녀","전사","먼치킨",NA,NA,NA
"1047","소드 아트 온라인 Extra Edition OVA","미소녀","전사","먼치킨",NA,NA,NA
"1048","소드 아트 온라인 앨리시제이션","미소녀","전사","먼치킨",NA,NA,NA
"1049","소드 아트 온라인 앨리시제이션 War of Underworld part 1","미소녀","전사","먼치킨",NA,NA,NA
"1050","소드 아트 온라인 앨리시제이션 War of Underworld part 2","미소녀","전사","먼치킨",NA,NA,NA
"1051","소드 아트 온라인 얼터너티브 : 건 게일 온라인","미소녀","전사","먼치킨",NA,NA,NA
"1052","소드 오라토리아","먼치킨",NA,NA,NA,NA,NA
"1053","속 오와리모노가타리","요괴 및 괴물","뱀파이어",NA,NA,NA,NA
"1054","솔란과 루드빅의 눈폭풍 대소동","발랄가볍",NA,NA,NA,NA,NA
"1055","순정 로맨티카 3","선생님","발랄가볍",NA,NA,NA,NA
"1056","숲의 요정 페어리루 ~마법의 펜듈럼~ 고민상담소","발랄가볍",NA,NA,NA,NA,NA
"1057","숲의 요정 페어리루 part 1","발랄가볍",NA,NA,NA,NA,NA
"1058","숲의 요정 페어리루 part 2","발랄가볍",NA,NA,NA,NA,NA
"1059","숲의 요정 페어리루 시즌2 ~마법의거울~","발랄가볍",NA,NA,NA,NA,NA
"1060","숲의 요정 페어리루 시즌3 ~마법의 펜듈럼~","발랄가볍",NA,NA,NA,NA,NA
"1061","슈가슈가룬 part 1","발랄가볍",NA,NA,NA,NA,NA
"1062","슈가슈가룬 part 2","발랄가볍",NA,NA,NA,NA,NA
"1063","슈퍼 러버즈 1기","미소년",NA,NA,NA,NA,NA
"1064","슈퍼 시크릿","귀여움",NA,NA,NA,NA,NA
"1065","슈퍼심플 개념동요","발랄가볍",NA,NA,NA,NA,NA
"1066","슈퍼심플 뚝딱뚝딱 몽키","발랄가볍",NA,NA,NA,NA,NA
"1067","슈퍼심플 레이싱","발랄가볍",NA,NA,NA,NA,NA
"1068","슈퍼심플 베스트송","발랄가볍",NA,NA,NA,NA,NA
"1069","슈퍼심플 세차장","발랄가볍",NA,NA,NA,NA,NA
"1070","슈퍼심플 영어미술","발랄가볍",NA,NA,NA,NA,NA
"1071","슈퍼심플 인기동화","발랄가볍",NA,NA,NA,NA,NA
"1072","슈퍼심플 핀리의 공장","발랄가볍",NA,NA,NA,NA,NA
"1073","스시폴리스","경찰",NA,NA,NA,NA,NA
"1074","스케이트 리딩☆스타즈","발랄가볍","미소년",NA,NA,NA,NA
"1075","스쿨걸 스트라이커즈 Animation Channal","미소녀",NA,NA,NA,NA,NA
"1076","스트라이크 더 블러드","미소녀","뱀파이어","발랄가볍","교복","먼치킨",NA
"1077","스트라이크 더 블러드 2기","미소녀","뱀파이어","발랄가볍","교복","먼치킨",NA
"1078","스트라이크 더 블러드 3기","미소녀","뱀파이어","발랄가볍","교복","먼치킨",NA
"1079","스트레스 제로","요괴 및 괴물","발랄가볍",NA,NA,NA,NA
"1080","스포찬 배틀 요괴대결전","요괴 및 괴물",NA,NA,NA,NA,NA
"1081","스푸키즈 : 비밀과외","귀신",NA,NA,NA,NA,NA
"1082","스푸키즈 시즌 3","귀신",NA,NA,NA,NA,NA
"1083","슬라임을 잡으면서 300년, 모르는 사이에 레벨MAX가 되었습니다","요괴 및 괴물","먼치킨",NA,NA,NA,NA
"1084","슬램덩크 ~전국제패를 향해!~","교복","먼치킨",NA,NA,NA,NA
"1085","슬램덩크 리마스터","교복",NA,NA,NA,NA,NA
"1086","슬레이어즈 NEXT","주체적 여성",NA,NA,NA,NA,NA
"1087","슬레이어즈 레볼루션","주체적 여성",NA,NA,NA,NA,NA
"1088","슬레이어즈 에볼루션-R","주체적 여성",NA,NA,NA,NA,NA
"1089","시공전사 스필반","히어로","외계인",NA,NA,NA,NA
"1090","시노스톤 1기","로봇","발랄가볍",NA,NA,NA,NA
"1091","시양양 <U+2013> 미니랜드와 호호기차","발랄가볍",NA,NA,NA,NA,NA
"1092","시양양 지식대백과","동물","발랄가볍",NA,NA,NA,NA
"1093","시원찮은 그녀를 위한 육성방법 ♭ (2기)","미소녀","교복",NA,NA,NA,NA
"1094","시원찮은 그녀를 위한 육성방법 finale","미소녀","교복",NA,NA,NA,NA
"1095","시키자쿠라","히어로",NA,NA,NA,NA,NA
"1096","식극의 소마 - 판권 부활","미소녀",NA,NA,NA,NA,NA
"1097","식극의 소마 네 번째 접시","미소녀",NA,NA,NA,NA,NA
"1098","식극의 소마 다섯 번째 접시","미소녀",NA,NA,NA,NA,NA
"1099","식극의 소마 두 번째 접시","미소녀",NA,NA,NA,NA,NA
"1100","식극의 소마 세 번째 접시","미소녀",NA,NA,NA,NA,NA
"1101","식극의 소마 세 번째 접시 : 토오츠키 열차 편","미소녀",NA,NA,NA,NA,NA
"1102","신 도라에몽 13기","동물","발랄가볍","귀여움",NA,NA,NA
"1103","신 도라에몽 1기","동물","발랄가볍","귀여움",NA,NA,NA
"1104","신 도라에몽 2기","동물","발랄가볍","귀여움",NA,NA,NA
"1105","신 도라에몽 3기","동물","발랄가볍","귀여움",NA,NA,NA
"1106","신 도라에몽 4기","동물","발랄가볍","귀여움",NA,NA,NA
"1107","신 도라에몽 5기","동물","발랄가볍","귀여움",NA,NA,NA
"1108","신 도라에몽 6기","동물","발랄가볍","귀여움",NA,NA,NA
"1109","신 도라에몽 7기","동물","발랄가볍","귀여움",NA,NA,NA
"1110","신 도라에몽 스페셜 1기","동물","발랄가볍","귀여움",NA,NA,NA
"1111","신 도라에몽 스페셜 3기","동물","발랄가볍","귀여움",NA,NA,NA
"1112","신 북두의 권 OVA","열혈",NA,NA,NA,NA,NA
"1113","신 테니스의 왕자","교복","미소년","먼치킨",NA,NA,NA
"1114","신 테니스의 왕자 : BEST GAMES!! VOL.1","교복","미소년","먼치킨",NA,NA,NA
"1115","신 테니스의 왕자 : BEST GAMES!! VOL.2","교복","미소년","먼치킨",NA,NA,NA
"1116","신 테니스의 왕자 : BEST GAMES!! VOL.3","교복","미소년","먼치킨",NA,NA,NA
"1117","신 테니스의 왕자 OVA","교복","미소년","먼치킨",NA,NA,NA
"1118","신 테니스의 왕자 OVA : vs Genius 10","교복","미소년","먼치킨",NA,NA,NA
"1119","신 테니스의 왕자 효테이 vs 릿카이 : 게임 오브 퓨처 전편","교복","미소년","먼치킨",NA,NA,NA
"1120","신 테니스의 왕자 효테이 vs 릿카이 : 게임 오브 퓨처 후편","교복","미소년","먼치킨",NA,NA,NA
"1121","신극장판 드래곤볼 슈퍼 : 브로리","열혈","먼치킨","카리스마",NA,NA,NA
"1122","신들에게 주워진 남자","발랄가볍","먼치킨",NA,NA,NA,NA
"1123","신만이 아는 세계 - 판권 부활","악마 또는 천사","오타쿠","교복","미소년","먼치킨",NA
"1124","신만이 아는 세계 2기 - 판권 부활","악마 또는 천사","오타쿠","교복","미소년","먼치킨",NA
"1125","신만이 아는 세계 여신편 - 판권 부활","악마 또는 천사","오타쿠","교복","미소년","먼치킨",NA
"1126","신밧드 1: 하늘을 나는 공주와 비밀의 섬","발랄가볍",NA,NA,NA,NA,NA
"1127","신밧드 2: 마법의 램프와 움직이는 섬","발랄가볍",NA,NA,NA,NA,NA
"1128","신밧드 3: 한낮의 밤과 수수께끼의 섬","발랄가볍",NA,NA,NA,NA,NA
"1129","신밧드 더 무비","발랄가볍",NA,NA,NA,NA,NA
"1130","신비아파트 : 444호","요괴 및 괴물","귀신","발랄가볍",NA,NA,NA
"1131","신비아파트 : 고스트볼X의 탄생","요괴 및 괴물","귀신","발랄가볍",NA,NA,NA
"1132","신비아파트 : 고스트볼의 비밀","요괴 및 괴물","귀신","발랄가볍",NA,NA,NA
"1133","신비아파트 외전 기억, 하리","요괴 및 괴물","귀신","발랄가볍",NA,NA,NA
"1134","신세기 사이버 포뮬러 11","자동차",NA,NA,NA,NA,NA
"1135","신세기 사이버 포뮬러 SAGA","자동차",NA,NA,NA,NA,NA
"1136","신세기 사이버 포뮬러 SIN","자동차",NA,NA,NA,NA,NA
"1137","신세기 사이버 포뮬러 ZERO","자동차",NA,NA,NA,NA,NA
"1138","신의 탑","이능력","미소년","먼치킨",NA,NA,NA
"1139","실내캠핑△","미소녀","발랄가볍",NA,NA,NA,NA
"1140","심심한 칠드런","교복",NA,NA,NA,NA,NA
"1141","싸이보그 스필반","히어로","외계인",NA,NA,NA,NA
"1142","쌍성의 음양사","이능력","미소년","먼치킨",NA,NA,NA
"1143","써니버니 시즌 1","발랄가볍",NA,NA,NA,NA,NA
"1144","써니버니 시즌 2","발랄가볍",NA,NA,NA,NA,NA
"1145","써니버니 시즌 3","발랄가볍",NA,NA,NA,NA,NA
"1146","써니버니 시즌 4","발랄가볍",NA,NA,NA,NA,NA
"1147","썰작가의 흔한애니 시즌 1","발랄가볍",NA,NA,NA,NA,NA
"1148","쓰르라미 울 적에 업 part 1","교복",NA,NA,NA,NA,NA
"1149","쓰르라미 울 적에 업 part 2","교복",NA,NA,NA,NA,NA
"1150","쓰르라미 울 적에 졸","교복",NA,NA,NA,NA,NA
"1151","아기공룡 둘리 : 얼음별 대모험","발랄가볍",NA,NA,NA,NA,NA
"1152","아기상어 올리와 윌리엄","동물","발랄가볍",NA,NA,NA,NA
"1153","아기상어 올리와 윌리엄 : 피시마스 대소동","동물","발랄가볍",NA,NA,NA,NA
"1154","아기상어 올리와 윌리엄 스폐셜 단편","동물","발랄가볍",NA,NA,NA,NA
"1155","아다치와 시마무라","발랄가볍",NA,NA,NA,NA,NA
"1156","아라카와 언더 더 브리지 1기","열혈","외계인",NA,NA,NA,NA
"1157","아라카와 언더 더 브리지 2기","열혈","외계인",NA,NA,NA,NA
"1158","아르르르!","발랄가볍",NA,NA,NA,NA,NA
"1159","아리떼 공주","주체적 여성",NA,NA,NA,NA,NA
"1160","아오하라이드","교복",NA,NA,NA,NA,NA
"1161","아웃브레이크 컴퍼니 - 판권 부활","발랄가볍",NA,NA,NA,NA,NA
"1162","아이★츄","발랄가볍","아이돌",NA,NA,NA,NA
"1163","아이돌 마스터","미소녀","연예인","발랄가볍","아이돌",NA,NA
"1164","아이돌 마스터 SideM","연예인","아이돌",NA,NA,NA,NA
"1165","아이돌 마스터 SideM 사연 있는 Mini!","연예인","발랄가볍","아이돌",NA,NA,NA
"1166","아이돌 마스터 신데렐라 걸즈","미소녀","연예인","발랄가볍","귀여움","아이돌",NA
"1167","아이돌 마스터 신데렐라 걸즈 극장","미소녀","연예인","발랄가볍","아이돌",NA,NA
"1168","아이돌 마스터 신데렐라 걸즈 극장 3기","미소녀","연예인","발랄가볍","아이돌",NA,NA
"1169","아이돌 마스터 신데렐라 걸즈 극장 CLIMAX SEASON","미소녀","연예인","발랄가볍","아이돌",NA,NA
"1170","아이돌리쉬 세븐","미소년","아이돌",NA,NA,NA,NA
"1171","아이돌리쉬 세븐 Second BEAT!","미소년","아이돌",NA,NA,NA,NA
"1172","아이돌리쉬 세븐 Third BEAT!","미소년","아이돌",NA,NA,NA,NA
"1173","아인 OAD","이능력","먼치킨",NA,NA,NA,NA
"1174","아카메가 벤다!","이능력","먼치킨",NA,NA,NA,NA
"1175","아쿠에리온 EVOL","로봇",NA,NA,NA,NA,NA
"1176","아키라 - 판권 부활","이능력",NA,NA,NA,NA,NA
"1177","아픈 건 싫으니까 방어력에 올인하려고 합니다","발랄가볍",NA,NA,NA,NA,NA
"1178","안기고 싶은 남자 1위에게 협박당하고 있습니다","연예인",NA,NA,NA,NA,NA
"1179","안녕 자두야 1기","귀여움",NA,NA,NA,NA,NA
"1180","안녕 자두야 2기","귀여움",NA,NA,NA,NA,NA
"1181","안녕 자두야 3기","귀여움",NA,NA,NA,NA,NA
"1182","안녕 자두야 4기 : 자두와 친구들","귀여움",NA,NA,NA,NA,NA
"1183","안녕 자두야 리틀자두 동요 송","귀여움",NA,NA,NA,NA,NA
"1184","안녕 자두야 명작동화 : 효녀자두 & 엄지공주","귀여움",NA,NA,NA,NA,NA
"1185","안녕 자두야 서유기 : 어쩌다 영웅","귀여움",NA,NA,NA,NA,NA
"1186","안녕 자두야 송","귀여움",NA,NA,NA,NA,NA
"1187","안녕 자두야 스페셜 : 언더 더 씨","귀여움",NA,NA,NA,NA,NA
"1188","안녕 자두야 스페셜 : 자두의 일기장","귀여움",NA,NA,NA,NA,NA
"1189","안녕! 괴발개발","발랄가볍",NA,NA,NA,NA,NA
"1190","안녕! 괴발개발 시즌 2","발랄가볍",NA,NA,NA,NA,NA
"1191","안녕! 보노보노 1기","동물","귀여움",NA,NA,NA,NA
"1192","안녕! 보노보노 2기","동물","귀여움",NA,NA,NA,NA
"1193","안녕! 보노보노 3기","동물","귀여움",NA,NA,NA,NA
"1194","안녕, 전우치! 스페셜","발랄가볍",NA,NA,NA,NA,NA
"1195","안녕, 티라노 : 영원히, 함께","공룡",NA,NA,NA,NA,NA
"1196","안녕,전우치!: 도술로봇대결전","발랄가볍",NA,NA,NA,NA,NA
"1197","안녕자두야 스페셜: 인어공주","귀여움",NA,NA,NA,NA,NA
"1198","알바 뛰는 마왕님!","마왕","전사","교복","먼치킨",NA,NA
"1199","암살교실 : 365일의 시간","선생님","먼치킨",NA,NA,NA,NA
"1200","암살교실 1기","선생님","먼치킨",NA,NA,NA,NA
"1201","암살교실 2기","선생님","먼치킨",NA,NA,NA,NA
"1202","앙상블 스타즈!","미소년","아이돌",NA,NA,NA,NA
"1203","애코와 친구들","발랄가볍",NA,NA,NA,NA,NA
"1204","앵그리버드 블루스","발랄가볍",NA,NA,NA,NA,NA
"1205","앵그리버드 스텔라 시즌 1","발랄가볍",NA,NA,NA,NA,NA
"1206","앵그리버드 스텔라 시즌 2","발랄가볍",NA,NA,NA,NA,NA
"1207","앵그리버드 툰즈 시즌 1","발랄가볍",NA,NA,NA,NA,NA
"1208","앵그리버드 툰즈 시즌 2","발랄가볍",NA,NA,NA,NA,NA
"1209","앵그리버드 툰즈 시즌 3","발랄가볍",NA,NA,NA,NA,NA
"1210","앵그리버드 피기테일즈 시즌 2","발랄가볍",NA,NA,NA,NA,NA
"1211","앵그리버드 피기테일즈 시즌 3","발랄가볍",NA,NA,NA,NA,NA
"1212","앵그리버드 피기테일즈 시즌 4","발랄가볍",NA,NA,NA,NA,NA
"1213","앵그리버드 피기테일즈 시즌1","발랄가볍",NA,NA,NA,NA,NA
"1214","야한 이야기라는 개념이 존재하지 않는 지루한 세계","교복",NA,NA,NA,NA,NA
"1215","약속의 네버랜드 1기","귀여움",NA,NA,NA,NA,NA
"1216","약속의 네버랜드 2기","귀여움",NA,NA,NA,NA,NA
"1217","약캐 토모자키 군","아싸",NA,NA,NA,NA,NA
"1218","어그레츠코 : 회사는 열바다","동물","발랄가볍","귀여움",NA,NA,NA
"1219","어느 날 잠에서 깨어보니 베이글녀가 되어 있었다","오타쿠","발랄가볍",NA,NA,NA,NA
"1220","어떤 과학의 초전자포 T","미소녀","히어로","이능력","귀여움",NA,NA
"1221","어새신즈 프라이드","미소녀",NA,NA,NA,NA,NA
"1222","어서오세요 실력 지상주의 교실에","교복","먼치킨",NA,NA,NA,NA
"1223","어설트 릴리 BOUQUET","미소녀","마법소녀","싸우는 미소녀","교복",NA,NA
"1224","어쨌든 귀여워","발랄가볍","귀여움",NA,NA,NA,NA
"1225","언덕길의 아폴론","교복",NA,NA,NA,NA,NA
"1226","엄마 까투리 시즌2","동물",NA,NA,NA,NA,NA
"1227","엄마 찾아 삼만리 - 극장판 마르코","귀여움",NA,NA,NA,NA,NA
"1228","에그엔젤 코코밍 part 1","발랄가볍",NA,NA,NA,NA,NA
"1229","에그엔젤 코코밍 part 2","발랄가볍",NA,NA,NA,NA,NA
"1230","에그엔젤 코코밍 시즌3","발랄가볍",NA,NA,NA,NA,NA
"1231","에로망가 선생","발랄가볍",NA,NA,NA,NA,NA
"1232","에스케이 에이트","미소년",NA,NA,NA,NA,NA
"1233","에어로버 : 스페이스 드론의 귀환","발랄가볍",NA,NA,NA,NA,NA
"1234","에어로버 : 피닉스의 부활","발랄가볍",NA,NA,NA,NA,NA
"1235","에일리언 몽키스","동물",NA,NA,NA,NA,NA
"1236","엔드로~!","미소녀","발랄가볍",NA,NA,NA,NA
"1237","여친, 빌리겠습니다","미소녀","귀여움",NA,NA,NA,NA
"1238","역시 내 청춘 러브코메디는 잘못됐다.","미소녀","교복","아싸",NA,NA,NA
"1239","역시 내 청춘 러브코메디는 잘못됐다. 속 - 판권 부활","미소녀","교복","아싸",NA,NA,NA
"1240","역시 내 청춘 러브코메디는 잘못됐다. 완","미소녀","교복","아싸",NA,NA,NA
"1241","역전세계의 전지소녀","미소녀","열혈","로봇","오타쿠",NA,NA
"1242","연애 하루 전","발랄가볍",NA,NA,NA,NA,NA
"1243","연애 하루 전 ZERO","발랄가볍",NA,NA,NA,NA,NA
"1244","연애 하루 전 시즌 1","발랄가볍",NA,NA,NA,NA,NA
"1245","연애 하루 전 시즌 2","발랄가볍",NA,NA,NA,NA,NA
"1246","연애폭군","악마 또는 천사","발랄가볍","교복",NA,NA,NA
"1247","열차 변형 로봇 신카리온 THE ANIMATION : 미래에서 온 초고속 ALFA-X","로봇","발랄가볍",NA,NA,NA,NA
"1248","옆자리 괴물군","교복",NA,NA,NA,NA,NA
"1249","예를 들어 라스트 던전 앞 마을의 소년이 초반 마을에서 사는 듯한 이야기","먼치킨",NA,NA,NA,NA,NA
"1250","예전부터 계속 좋아했어 ~고백실행위원회~","교복","미소년",NA,NA,NA,NA
"1251","오늘부터 신령님 1기","요괴 및 괴물",NA,NA,NA,NA,NA
"1252","오늘부터 신령님 2기","요괴 및 괴물",NA,NA,NA,NA,NA
"1253","오니모노가타리","미소녀","요괴 및 괴물","뱀파이어",NA,NA,NA
"1254","오디션","연예인","교복",NA,NA,NA,NA
"1255","오렌지 : 미래","교복",NA,NA,NA,NA,NA
"1256","오버로드 1기","악마 또는 천사","마왕","전사","먼치킨",NA,NA
"1257","오버로드 2기","악마 또는 천사","마왕","전사","먼치킨",NA,NA
"1258","오버로드 3기","악마 또는 천사","마왕","전사","먼치킨",NA,NA
"1259","오와리모노가타리 하편","요괴 및 괴물","뱀파이어",NA,NA,NA,NA
"1260","오컬틱 나인","악마 또는 천사","교복",NA,NA,NA,NA
"1261","오토리모노가타리","미소녀","요괴 및 괴물","뱀파이어",NA,NA,NA
"1262","완간 미드나이트","자동차",NA,NA,NA,NA,NA
"1263","왕실교사 하이네","선생님",NA,NA,NA,NA,NA
"1264","요괴 아파트의 우아한 일상","요괴 및 괴물","귀신",NA,NA,NA,NA
"1265","요괴소년 호야 1기","요괴 및 괴물","이능력","열혈",NA,NA,NA
"1266","요괴소년 호야 2기","요괴 및 괴물",NA,NA,NA,NA,NA
"1267","요란 THE PRINCESS OF SNOW AND BLOOD","요괴 및 괴물",NA,NA,NA,NA,NA
"1268","요랑아 노래하자","선생님","발랄가볍",NA,NA,NA,NA
"1269","요랑아 요랑아","요괴 및 괴물","발랄가볍",NA,NA,NA,NA
"1270","요르문간드 1기","주체적 여성","카리스마",NA,NA,NA,NA
"1271","요르문간드 2기","주체적 여성","카리스마",NA,NA,NA,NA
"1272","요리왕 비룡","먼치킨",NA,NA,NA,NA,NA
"1273","용왕이 하는 일!","열혈",NA,NA,NA,NA,NA
"1274","용을 찾아서","발랄가볍",NA,NA,NA,NA,NA
"1275","우라미치 선생님","연예인",NA,NA,NA,NA,NA
"1276","우리는 공부를 못해","선생님","발랄가볍",NA,NA,NA,NA
"1277","우리는 공부를 못해 part 2","선생님","발랄가볍",NA,NA,NA,NA
"1278","우마무스메 : 프리티 더비 1기","미소녀","동물","발랄가볍",NA,NA,NA
"1279","우마무스메 : 프리티 더비 2기","미소녀","동물","발랄가볍",NA,NA,NA
"1280","우마욘","미소녀","동물","발랄가볍",NA,NA,NA
"1281","우자키 양은 놀고 싶어!","미소녀","발랄가볍",NA,NA,NA,NA
"1282","우주특공대 바이오맨","히어로","이능력","로봇",NA,NA,NA
"1283","우치타마?! ~우리집 타마를 모르시나요?~","발랄가볍",NA,NA,NA,NA,NA
"1284","울려라! 유포니엄 1부 ~키타우지 고교 관악부에 오신 걸 환영합니다~ - 판권 부활","교복",NA,NA,NA,NA,NA
"1285","울려라! 유포니엄 2부 ~전하고 싶은 멜로디~","교복",NA,NA,NA,NA,NA
"1286","울려라! 유포니엄 3부 ~맹세의 피날레~","교복",NA,NA,NA,NA,NA
"1287","원주민 공포만화","귀신",NA,NA,NA,NA,NA
"1288","원펀맨","히어로","열혈","먼치킨",NA,NA,NA
"1289","원펀맨 2기","히어로","먼치킨",NA,NA,NA,NA
"1290","원피스 SPECIAL 3D2Y","이능력","카리스마",NA,NA,NA,NA
"1291","원피스 스페셜! : 밀짚모자 루피 두목의 수사 기록","이능력","카리스마",NA,NA,NA,NA
"1292","원피스: 에피소드 오브 나미 ~항해사의 눈물과 동료의 인연~","이능력","카리스마",NA,NA,NA,NA
"1293","원피스: 에피소드 오브 루피 ~핸드 아일랜드의 모험~","이능력","카리스마",NA,NA,NA,NA
"1294","원피스: 에피소드 오브 메리 ~또 하나의 동료 이야기~","이능력","카리스마",NA,NA,NA,NA
"1295","월간순정 노자키 군","발랄가볍","교복",NA,NA,NA,NA
"1296","월드 트리거 part 1","이능력",NA,NA,NA,NA,NA
"1297","유녀전기","먼치킨",NA,NA,NA,NA,NA
"1298","유녀전기 -Saga of Tanya the Evil Movie-","먼치킨",NA,NA,NA,NA,NA
"1299","유녀전기 OVA","먼치킨",NA,NA,NA,NA,NA
"1300","유단하 영상툰","발랄가볍",NA,NA,NA,NA,NA
"1301","유라와 자연친구","동물",NA,NA,NA,NA,NA
"1302","유라와 자연친구 송","동물",NA,NA,NA,NA,NA
"1303","유루캠△ 2기","미소녀","발랄가볍",NA,NA,NA,NA
"1304","유우키 유우나는 용사다 -대만개의 장-","미소녀","마법소녀","싸우는 미소녀","교복",NA,NA
"1305","유큐홀더! 마법선생 네기마! 2","미소녀",NA,NA,NA,NA,NA
"1306","유큐홀더! 마법선생 네기마! 2 특별편","미소녀",NA,NA,NA,NA,NA
"1307","유희왕 세븐즈","먼치킨",NA,NA,NA,NA,NA
"1308","육화의 용사","이능력",NA,NA,NA,NA,NA
"1309","은혼 1기","외계인",NA,NA,NA,NA,NA
"1310","은혼 더 파이널","외계인",NA,NA,NA,NA,NA
"1311","은혼 최종장 : 은빛 영혼편","외계인",NA,NA,NA,NA,NA
"1312","은혼 최종장: 은빛 영혼편 2부","외계인",NA,NA,NA,NA,NA
"1313","은혼 포로리편 (4기 연장편)","외계인",NA,NA,NA,NA,NA
"1314","은혼. (4기)","외계인",NA,NA,NA,NA,NA
"1315","은혼° (3기)","외계인",NA,NA,NA,NA,NA
"1316","음악소녀","미소녀","발랄가볍","아이돌",NA,NA,NA
"1317","이 멋진 세계에 축복을! 붉은 전설","마왕","발랄가볍",NA,NA,NA,NA
"1318","이 소리에 모여! part 1","발랄가볍",NA,NA,NA,NA,NA
"1319","이 소리에 모여! part 2","발랄가볍",NA,NA,NA,NA,NA
"1320","이 용사가 ZZANG센 주제에 너무 신중하다","발랄가볍",NA,NA,NA,NA,NA
"1321","이니셜 D Extra Stage","자동차",NA,NA,NA,NA,NA
"1322","이니셜 D Extra Stage 2","자동차",NA,NA,NA,NA,NA
"1323","이니셜 D Fifth Stage","자동차",NA,NA,NA,NA,NA
"1324","이니셜 D Final Stage","자동차",NA,NA,NA,NA,NA
"1325","이니셜 D First Stage","자동차",NA,NA,NA,NA,NA
"1326","이니셜 D Fourth Stage","자동차",NA,NA,NA,NA,NA
"1327","이니셜 D Second Stage","자동차",NA,NA,NA,NA,NA
"1328","이니셜 D Third Stage","자동차",NA,NA,NA,NA,NA
"1329","이세계 마왕과 소환 소녀의 노예 마술","미소녀","먼치킨",NA,NA,NA,NA
"1330","이세계 마왕과 소환 소녀의 노예 마술 Ω","미소녀","먼치킨",NA,NA,NA,NA
"1331","이세계 치트 마술사","발랄가볍",NA,NA,NA,NA,NA
"1332","이세계 콰르텟","발랄가볍",NA,NA,NA,NA,NA
"1333","이세계 콰르텟 2","발랄가볍",NA,NA,NA,NA,NA
"1334","이세계 피크닉","요괴 및 괴물",NA,NA,NA,NA,NA
"1335","이세계는 스마트폰과 함께","발랄가볍","먼치킨",NA,NA,NA,NA
"1336","이와카케루! -Climbing Girls-","미소녀",NA,NA,NA,NA,NA
"1337","이웃집 야마다군","발랄가볍",NA,NA,NA,NA,NA
"1338","이웃집 토토로","귀여움",NA,NA,NA,NA,NA
"1339","이웃집 흡혈귀 씨","미소녀","뱀파이어",NA,NA,NA,NA
"1340","인피니티 포스 스페셜 에디션 1: ISOLATED FLOWER","히어로",NA,NA,NA,NA,NA
"1341","인피니티 포스 스페셜 에디션 2","히어로",NA,NA,NA,NA,NA
"1342","일곱 개의 대죄 (1기)","먼치킨",NA,NA,NA,NA,NA
"1343","일곱 개의 대죄 : 계명의 부활 (2기)","먼치킨",NA,NA,NA,NA,NA
"1344","일곱 개의 대죄 : 성전의 전조 (1.5기)","먼치킨",NA,NA,NA,NA,NA
"1345","일곱 개의 대죄 : 신들의 역린 (3기)","먼치킨",NA,NA,NA,NA,NA
"1346","일반공격이 전체공격에 2회 공격인 엄마는 좋아하세요?","발랄가볍",NA,NA,NA,NA,NA
"1347","장갑 소녀 전기","로봇",NA,NA,NA,NA,NA
"1348","장난을 잘 치는 타카기 양","발랄가볍","교복",NA,NA,NA,NA
"1349","쟈히님은 기죽지 않아!","발랄가볍",NA,NA,NA,NA,NA
"1350","저, 능력은 평균치로 해달라고 말했잖아요!","발랄가볍",NA,NA,NA,NA,NA
"1351","전생했더니 슬라임이었던 건에 대하여 : 전생슬라임 일기","요괴 및 괴물","이능력","악마 또는 천사","마왕","발랄가볍","먼치킨"
"1352","전생했더니 슬라임이었던 건에 대하여 1기","요괴 및 괴물","이능력","악마 또는 천사","마왕","발랄가볍","먼치킨"
"1353","전생했더니 슬라임이었던 건에 대하여 2기 1부","요괴 및 괴물","이능력","악마 또는 천사","마왕","발랄가볍","먼치킨"
"1354","전생했더니 슬라임이었던 건에 대하여 2기 2부","요괴 및 괴물","이능력","악마 또는 천사","마왕","발랄가볍","먼치킨"
"1355","전생했더니 슬라임이었던 건에 대하여 OAD","요괴 및 괴물","이능력","악마 또는 천사","마왕","발랄가볍","먼치킨"
"1356","전익의 시그드리파","미소녀","싸우는 미소녀",NA,NA,NA,NA
"1357","정글에서 살아남기","동물",NA,NA,NA,NA,NA
"1358","정글에서 살아남기 3기 : 화산섬의 비밀","발랄가볍",NA,NA,NA,NA,NA
"1359","제로에서 시작하는 마법의 서","요괴 및 괴물","발랄가볍",NA,NA,NA,NA
"1360","조난입니까?","미소녀","발랄가볍",NA,NA,NA,NA
"1361","조커 게임","군인","카리스마",NA,NA,NA,NA
"1362","좀비 랜드 사가","미소녀","좀비","발랄가볍","교복","아이돌",NA
"1363","좀비 랜드 사가 리벤지","미소녀","좀비","발랄가볍","교복","아이돌",NA
"1364","좀비덤 시즌 1","요괴 및 괴물","발랄가볍",NA,NA,NA,NA
"1365","좀비덤 시즌 2","요괴 및 괴물","발랄가볍",NA,NA,NA,NA
"1366","종말의 세라프","뱀파이어","먼치킨",NA,NA,NA,NA
"1367","종말의 세라프 나고야결전편 part 2","뱀파이어","먼치킨",NA,NA,NA,NA
"1368","주문은 토끼입니까? 1기","미소녀","발랄가볍",NA,NA,NA,NA
"1369","주문은 토끼입니까? BLOOM","미소녀","발랄가볍",NA,NA,NA,NA
"1370","주문은 토끼입니까?? 2기","미소녀","발랄가볍",NA,NA,NA,NA
"1371","주술회전 part 1","요괴 및 괴물","이능력","열혈","교복",NA,NA
"1372","주술회전 part 2","요괴 및 괴물","이능력","열혈","교복",NA,NA
"1373","중2병이라도 사랑이 하고 싶어 -Take On Me-","미소녀","오타쿠","발랄가볍","교복","귀여움",NA
"1374","중2병이라도 사랑이 하고 싶어! - 판권 부활","미소녀","오타쿠","발랄가볍","교복","귀여움",NA
"1375","중2병이라도 사랑이 하고싶어! 연","미소녀","오타쿠","발랄가볍","교복","귀여움",NA
"1376","쥬라기캅스","공룡","발랄가볍",NA,NA,NA,NA
"1377","쥬라기캅스 쥬라킹","공룡","발랄가볍",NA,NA,NA,NA
"1378","쥬라기캅스 특별판 -탄생! 쥬라기캅스-","공룡","발랄가볍",NA,NA,NA,NA
"1379","쥬라기캅스 특별판 2 -데스바리안의 부활을 막아라!-","공룡","발랄가볍",NA,NA,NA,NA
"1380","쥬라기캅스 특별판 3 -쥬라킹vs데스바리안-","공룡","발랄가볍",NA,NA,NA,NA
"1381","즐겁게 놀아보세","미소녀","발랄가볍",NA,NA,NA,NA
"1382","지구방위대 후뢰시맨","히어로","이능력","로봇",NA,NA,NA
"1383","지박소년 하나코 군","귀신","발랄가볍",NA,NA,NA,NA
"1384","지오메카 비스트가디언","로봇","동물","발랄가볍",NA,NA,NA
"1385","지오메카 캡틴다이노","로봇","동물","발랄가볍",NA,NA,NA
"1386","진격! 거인중학교","군인",NA,NA,NA,NA,NA
"1387","진격의 거인 : 크로니클","군인",NA,NA,NA,NA,NA
"1388","진격의 거인 1기","군인",NA,NA,NA,NA,NA
"1389","진격의 거인 2기","군인",NA,NA,NA,NA,NA
"1390","진격의 거인 2기 : 각성의 포효","군인",NA,NA,NA,NA,NA
"1391","진격의 거인 3기 part 1","군인",NA,NA,NA,NA,NA
"1392","진격의 거인 3기 part 2","군인",NA,NA,NA,NA,NA
"1393","진격의 거인 The FINAL","군인",NA,NA,NA,NA,NA
"1394","진격의 거인 전편 : 홍련의 화살","군인",NA,NA,NA,NA,NA
"1395","진격의 거인 후편 : 자유의 날개","군인",NA,NA,NA,NA,NA
"1396","진화의 열매 ~모르는 사이 성공한 인생~","미소녀","이능력","아싸",NA,NA,NA
"1397","짱구는 못말려 14기 : 전설을 부르는 춤! 아미고!","발랄가볍","귀여움",NA,NA,NA,NA
"1398","짱구는 못말려 15기 : 폭풍을 부르는 노래하는 엉덩이 폭탄!","발랄가볍","귀여움",NA,NA,NA,NA
"1399","짱구는 못말려 16기 : 폭풍을 부르는 금창의 용사","발랄가볍","귀여움",NA,NA,NA,NA
"1400","짱구는 못말려 17기 : 포효하라! 떡잎 야생왕국","발랄가볍","귀여움",NA,NA,NA,NA
"1401","짱구는 못말려 18기 : 초시공! 폭풍을 부르는 나의 신부","발랄가볍","귀여움",NA,NA,NA,NA
"1402","짱구는 못말려 19기 : 태풍을 부르는 황금 스파이 대작전","발랄가볍","귀여움",NA,NA,NA,NA
"1403","짱구는 못말려 20기 : 폭풍을 부르는 나와 우주의 프린세스","발랄가볍","귀여움",NA,NA,NA,NA
"1404","짱구는 못말려 21기 : 엄청 맛있어! B급 음식 서바이벌!","발랄가볍","귀여움",NA,NA,NA,NA
"1405","짱구는 못말려 22기 : 정면승부! 로봇아빠의 역습","귀여움",NA,NA,NA,NA,NA
"1406","짱구는 못말려 23기 : 나의 이사 이야기 선인장 대습격","발랄가볍","귀여움",NA,NA,NA,NA
"1407","짱구는 못말려 24기 : 폭풍수면! 꿈꾸는 세계 대돌격","발랄가볍","귀여움",NA,NA,NA,NA
"1408","쫑알쫑알 똘똘이 율동동요","발랄가볍",NA,NA,NA,NA,NA
"1409","창궁의 파프너 1기","로봇",NA,NA,NA,NA,NA
"1410","창궁의 파프너 2기: EXODUS","로봇",NA,NA,NA,NA,NA
"1411","창궁의 파프너: RIGHT OF LEFT OVA","로봇",NA,NA,NA,NA,NA
"1412","창단! 짐승의 길","동물","발랄가볍",NA,NA,NA,NA
"1413","창천의 권 REGENESIS","열혈",NA,NA,NA,NA,NA
"1414","창천의 권 REGENESIS 2기","열혈",NA,NA,NA,NA,NA
"1415","책벌레의 하극상 ~사서가 되기 위해서라면 뭐든지 할 수 있어~ 1기","발랄가볍",NA,NA,NA,NA,NA
"1416","책벌레의 하극상 ~사서가 되기 위해서라면 뭐든지 할 수 있어~ 2기","발랄가볍",NA,NA,NA,NA,NA
"1417","척과 친구들의 모험","발랄가볍","자동차",NA,NA,NA,NA
"1418","천사의 3P!","미소녀","귀여움",NA,NA,NA,NA
"1419","천원돌파 그렌라간 : 나암편","로봇",NA,NA,NA,NA,NA
"1420","천원돌파 그렌라간 : 홍련편","로봇",NA,NA,NA,NA,NA
"1421","천지창조 디자인부","동물","발랄가볍",NA,NA,NA,NA
"1422","철인 28호: 백주의 잔월","로봇",NA,NA,NA,NA,NA
"1423","첫사랑 몬스터","발랄가볍","교복",NA,NA,NA,NA
"1424","청의 엑소시스트","악마 또는 천사","귀신","교복","미소년","먼치킨","쌍둥이"
"1425","청의 엑소시스트 교토 부정왕편","악마 또는 천사","귀신","교복","미소년","먼치킨","쌍둥이"
"1426","청춘 돼지는 꿈꾸는 소녀의 꿈을 꾸지 않는다","미소녀","연예인",NA,NA,NA,NA
"1427","청춘 돼지는 바니걸 선배의 꿈을 꾸지 않는다","미소녀","연예인",NA,NA,NA,NA
"1428","초 소년탐정단 NEO","발랄가볍",NA,NA,NA,NA,NA
"1429","초신성 플래시맨","히어로","이능력","로봇",NA,NA,NA
"1430","초인 고교생들은 이세계에서도 여유롭게 살아가나 봅니다!","이능력","발랄가볍",NA,NA,NA,NA
"1431","초전자 바이오맨","히어로","이능력","로봇",NA,NA,NA
"1432","최강전사 미니특공대 : 새로운 악당의 습격","로봇",NA,NA,NA,NA,NA
"1433","최강전사 미니특공대 : 영웅의 탄생","로봇",NA,NA,NA,NA,NA
"1434","최강합체 믹스마스터","발랄가볍",NA,NA,NA,NA,NA
"1435","최근 여동생의 상태가 조금 이상한데","귀신","발랄가볍",NA,NA,NA,NA
"1436","최애가 부도칸에 가 준다면 난 죽어도 좋아","오타쿠","아이돌",NA,NA,NA,NA
"1437","최약무패의 신장기룡","이능력","발랄가볍",NA,NA,NA,NA
"1438","최유기 외전 OVA","요괴 및 괴물","전사",NA,NA,NA,NA
"1439","쵸비츠","미소녀","귀여움",NA,NA,NA,NA
"1440","추모열전","외계인",NA,NA,NA,NA,NA
"1441","추억은 방울방울","귀여움",NA,NA,NA,NA,NA
"1442","추억의 검정고무신","발랄가볍","귀여움",NA,NA,NA,NA
"1443","추억의 마니","귀여움",NA,NA,NA,NA,NA
"1444","출동 케이캅","히어로","외계인","경찰",NA,NA,NA
"1445","출동 케이캅 특별판","히어로","외계인","경찰",NA,NA,NA
"1446","출동! 케이캅 극장판 : 제5원소의 비밀","히어로","외계인","경찰",NA,NA,NA
"1447","충사","요괴 및 괴물",NA,NA,NA,NA,NA
"1448","츠루네 -카제마이고교 궁도부-","열혈",NA,NA,NA,NA,NA
"1449","츠우카아","미소녀",NA,NA,NA,NA,NA
"1450","츠쿠모가미 빌려드립니다","요괴 및 괴물","발랄가볍",NA,NA,NA,NA
"1451","츠키모노가타리 - 판권 부활","미소녀","요괴 및 괴물","뱀파이어",NA,NA,NA
"1452","치치핑핑 시즌 1","발랄가볍",NA,NA,NA,NA,NA
"1453","치치핑핑 시즌 2","발랄가볍",NA,NA,NA,NA,NA
"1454","치트 약사의 슬로 라이프 -이세계에 만들자 드러그 스토어-","발랄가볍",NA,NA,NA,NA,NA
"1455","치하야후루 1기 - 판권 부활","열혈",NA,NA,NA,NA,NA
"1456","치하야후루 2기 - 판권 부활","열혈",NA,NA,NA,NA,NA
"1457","치하야후루 3기","열혈","주체적 여성",NA,NA,NA,NA
"1458","카구야 님은 고백받고 싶어 ~천재들의 연애 두뇌전~ 1기","발랄가볍","교복",NA,NA,NA,NA
"1459","카구야 님은 고백받고 싶어 ~천재들의 연애 두뇌전~ 2기","발랄가볍","교복",NA,NA,NA,NA
"1460","카드왕 믹스마스터","발랄가볍",NA,NA,NA,NA,NA
"1461","카부키모노가타리","미소녀","요괴 및 괴물","뱀파이어",NA,NA,NA
"1462","캐릭캐릭 체인지 part 1","마법소녀",NA,NA,NA,NA,NA
"1463","캐릭캐릭 체인지 part 2","마법소녀",NA,NA,NA,NA,NA
"1464","캐릭캐릭 체인지 두근두근 part 1","마법소녀",NA,NA,NA,NA,NA
"1465","캐릭캐릭 체인지 두근두근 part 2","마법소녀",NA,NA,NA,NA,NA
"1466","캐릭캐릭 체인지 쁘띠","마법소녀",NA,NA,NA,NA,NA
"1467","캐릭캐릭 체인지 파티","마법소녀",NA,NA,NA,NA,NA
"1468","캡틴 츠바사","열혈","먼치킨",NA,NA,NA,NA
"1469","케모노 프렌즈 2기","미소녀","동물",NA,NA,NA,NA
"1470","케이온! 1기","미소녀","발랄가볍","교복","귀여움",NA,NA
"1471","케이온!! 2기","미소녀","발랄가볍","교복","귀여움",NA,NA
"1472","코드기아스 부활의 를르슈","이능력","로봇","미소년","먼치킨",NA,NA
"1473","코바야시네 메이드래곤","오타쿠","귀여움",NA,NA,NA,NA
"1474","코바야시네 메이드래곤 S","오타쿠","귀여움",NA,NA,NA,NA
"1475","코이모노가타리","미소녀","요괴 및 괴물","뱀파이어",NA,NA,NA
"1476","코쿠리코 언덕에서","귀여움",NA,NA,NA,NA,NA
"1477","콥스파티 -Tortured Souls-","귀신","교복",NA,NA,NA,NA
"1478","콩순이 쑥쑥 교통수단동요","발랄가볍",NA,NA,NA,NA,NA
"1479","콩순이 쑥쑥 교통수단동요 English","발랄가볍",NA,NA,NA,NA,NA
"1480","콩순이 쑥쑥 놀이동요 English","발랄가볍",NA,NA,NA,NA,NA
"1481","콩순이 쑥쑥 상상력동요 English","발랄가볍",NA,NA,NA,NA,NA
"1482","콩순이 쑥쑥 여행동요 English","발랄가볍",NA,NA,NA,NA,NA
"1483","콩순이 쑥쑥 요리동요","발랄가볍",NA,NA,NA,NA,NA
"1484","콩순이 쑥쑥 요리동요 English","발랄가볍",NA,NA,NA,NA,NA
"1485","콩순이 쑥쑥 인기동요 English","발랄가볍",NA,NA,NA,NA,NA
"1486","콩순이 쑥쑥 자존감 동요","발랄가볍",NA,NA,NA,NA,NA
"1487","콩순이 쑥쑥 자존감동요 English","발랄가볍",NA,NA,NA,NA,NA
"1488","콩순이 쑥쑥 창의력동요 English","발랄가볍",NA,NA,NA,NA,NA
"1489","콩순이 쑥쑥 탐험동요","발랄가볍",NA,NA,NA,NA,NA
"1490","콩순이 쑥쑥 탐험동요 English","발랄가볍",NA,NA,NA,NA,NA
"1491","콩순이 장난감나라 대모험","발랄가볍",NA,NA,NA,NA,NA
"1492","콩콩랜드 슬랩스틱","발랄가볍",NA,NA,NA,NA,NA
"1493","쾌걸 조로리 : ZZ의 비밀","히어로","도둑","발랄가볍",NA,NA,NA
"1494","쿠로코의 농구 1기","이능력","열혈","미소년","먼치킨",NA,NA
"1495","쿠로코의 농구 2기","이능력","열혈","미소년","먼치킨",NA,NA
"1496","쿠로코의 농구 3기","이능력","열혈","미소년","먼치킨",NA,NA
"1497","쿠로코의 농구 윈터컵 - 그림자와 빛","이능력","열혈","미소년","먼치킨",NA,NA
"1498","쿠로코의 농구 윈터컵 - 눈물의 끝에","이능력","열혈","미소년","먼치킨",NA,NA
"1499","쿠로코의 농구 윈터컵 - 문의 저편","이능력","열혈","미소년","먼치킨",NA,NA
"1500","쿵푸 공룡 수호대","공룡",NA,NA,NA,NA,NA
"1501","크게 휘두르며 1기","열혈",NA,NA,NA,NA,NA
"1502","크게 휘두르며 2기 여름대회편","열혈",NA,NA,NA,NA,NA
"1503","크리켓팡","동물",NA,NA,NA,NA,NA
"1504","키즈모노가타리 냉혈편","요괴 및 괴물","뱀파이어",NA,NA,NA,NA
"1505","키즈모노가타리 열혈편","요괴 및 괴물","뱀파이어",NA,NA,NA,NA
"1506","키즈모노가타리 철혈편","요괴 및 괴물","뱀파이어",NA,NA,NA,NA
"1507","키즈캐슬 공룡 동물송","공룡","선생님","발랄가볍",NA,NA,NA
"1508","키즈캐슬 동화 뮤지컬","선생님","발랄가볍",NA,NA,NA,NA
"1509","키즈캐슬 시즌송","선생님","발랄가볍",NA,NA,NA,NA
"1510","키즈캐슬 영어 동요","선생님","발랄가볍",NA,NA,NA,NA
"1511","키즈캐슬 좋은 습관송","선생님","발랄가볍",NA,NA,NA,NA
"1512","키즈캐슬 채소 과일송","선생님","발랄가볍",NA,NA,NA,NA
"1513","킬라킬","이능력","열혈","싸우는 미소녀",NA,NA,NA
"1514","킹 오브 프리즘 : 올 스타즈 프리즘 쇼☆베스트 10","연예인","발랄가볍","아이돌",NA,NA,NA
"1515","킹 오브 프리즘 : 프라이드 더 히어로","연예인","발랄가볍","아이돌",NA,NA,NA
"1516","킹 오브 프리즘 샤이니 세븐스타즈","연예인","발랄가볍","아이돌",NA,NA,NA
"1517","킹덤 3기 part 1","군인","카리스마",NA,NA,NA,NA
"1518","킹덤 3기 part 2","군인","카리스마",NA,NA,NA,NA
"1519","타나카 군은 항상 나른해","발랄가볍","교복",NA,NA,NA,NA
"1520","타다 군은 사랑을 하지 않는다","발랄가볍",NA,NA,NA,NA,NA
"1521","타마코 마켓","발랄가볍","교복",NA,NA,NA,NA
"1522","테니스의 왕자 """"아토베 케이고"""" 에피소드 모음집","교복","미소년","먼치킨",NA,NA,NA
"1523","테니스의 왕자 """"테즈카"""" 특별 모음","교복","미소년","먼치킨",NA,NA,NA
"1524","테니스의 왕자 : 두 명의 사무라이","교복","미소년","먼치킨",NA,NA,NA
"1525","테니스의 왕자 : 아토베로부터의 선물","교복","미소년","먼치킨",NA,NA,NA
"1526","테니스의 왕자 part 1","교복","미소년","먼치킨",NA,NA,NA
"1527","테니스의 왕자 part 2","교복","미소년","먼치킨",NA,NA,NA
"1528","테니스의 왕자 part 3","교복","미소년","먼치킨",NA,NA,NA
"1529","테니스의 왕자 part 4","교복","미소년","먼치킨",NA,NA,NA
"1530","테니스의 왕자 part 5","교복","미소년","먼치킨",NA,NA,NA
"1531","테니스의 왕자 part 6","교복","미소년","먼치킨",NA,NA,NA
"1532","테니스의 왕자 part 7","교복","미소년","먼치킨",NA,NA,NA
"1533","토마스와 친구들 시즌1","발랄가볍",NA,NA,NA,NA,NA
"1534","토마스와 친구들 시즌10","발랄가볍",NA,NA,NA,NA,NA
"1535","토마스와 친구들 시즌11","발랄가볍",NA,NA,NA,NA,NA
"1536","토마스와 친구들 시즌12","발랄가볍",NA,NA,NA,NA,NA
"1537","토마스와 친구들 시즌2","발랄가볍",NA,NA,NA,NA,NA
"1538","토마스와 친구들 시즌3","발랄가볍",NA,NA,NA,NA,NA
"1539","토마스와 친구들 시즌4","발랄가볍",NA,NA,NA,NA,NA
"1540","토마스와 친구들 시즌5","발랄가볍",NA,NA,NA,NA,NA
"1541","토마스와 친구들 시즌6","발랄가볍",NA,NA,NA,NA,NA
"1542","토마스와 친구들 시즌7","발랄가볍",NA,NA,NA,NA,NA
"1543","토마스와 친구들 시즌8","발랄가볍",NA,NA,NA,NA,NA
"1544","토마스와 친구들 시즌9","발랄가볍",NA,NA,NA,NA,NA
"1545","토와노쿠온","이능력",NA,NA,NA,NA,NA
"1546","토이캅","경찰","로봇","발랄가볍",NA,NA,NA
"1547","톰 소여의 모험","발랄가볍",NA,NA,NA,NA,NA
"1548","트랜스포머 프라임 시즌 1","외계인","로봇","전사",NA,NA,NA
"1549","트랜스포머 프라임 시즌 2","외계인","로봇","전사",NA,NA,NA
"1550","트랜스포머 프라임 시즌 3","외계인","로봇","전사",NA,NA,NA
"1551","트레인 히어로","외계인","로봇","귀여움",NA,NA,NA
"1552","트리니티 세븐 -유구도서관과 연금술소녀-","미소녀",NA,NA,NA,NA,NA
"1553","트리니티 세븐 -천공도서관과 진홍의 마왕-","미소녀",NA,NA,NA,NA,NA
"1554","트윈엔젤 브레이크","미소녀","이능력","마법소녀","발랄가볍","전사","귀여움"
"1555","파스텔 메모리즈","오타쿠","발랄가볍",NA,NA,NA,NA
"1556","파이트 리그 GGG","열혈","발랄가볍",NA,NA,NA,NA
"1557","판도라와 아쿠비","발랄가볍",NA,NA,NA,NA,NA
"1558","팔남이라니, 그건 아니지!","발랄가볍",NA,NA,NA,NA,NA
"1559","팝 팀 에픽 TV스페셜","발랄가볍",NA,NA,NA,NA,NA
"1560","팡팡 자연탐험대","발랄가볍",NA,NA,NA,NA,NA
"1561","패궁 봉신연의","이능력","미소년",NA,NA,NA,NA
"1562","페르소나 5 the Animation","이능력","도둑","교복",NA,NA,NA
"1563","폭풍우 치는 밤에 : 비밀 친구","동물",NA,NA,NA,NA,NA
"1564","폼포코 너구리 대작전","귀여움",NA,NA,NA,NA,NA
"1565","풀 메탈 패닉! 1st Section - Boy Meets Girl","로봇","교복",NA,NA,NA,NA
"1566","풀 메탈 패닉! 2nd Section - One Night Stand","로봇","교복",NA,NA,NA,NA
"1567","풀 메탈 패닉! 3rd Section - Into the Blue","로봇","교복",NA,NA,NA,NA
"1568","풀 메탈 패닉! IV : Invisible Victory","로봇","교복",NA,NA,NA,NA
"1569","풍뎅이뎅이","발랄가볍",NA,NA,NA,NA,NA
"1570","프라오레! PRIDE OF ORANGE","미소녀",NA,NA,NA,NA,NA
"1571","프란체스카 OVA","요괴 및 괴물","발랄가볍",NA,NA,NA,NA
"1572","프레이터의 상처","이능력","미소년",NA,NA,NA,NA
"1573","프리티 리듬 오로라드림","연예인","발랄가볍","아이돌",NA,NA,NA
"1574","프리파라 뮤지컬","연예인","발랄가볍","아이돌",NA,NA,NA
"1575","프린세스 커넥트! Re:Dive","발랄가볍",NA,NA,NA,NA,NA
"1576","플란다스의 개","동물",NA,NA,NA,NA,NA
"1577","플란다스의 개 극장판","동물","귀여움",NA,NA,NA,NA
"1578","플래닛 위드","히어로","로봇","발랄가볍",NA,NA,NA
"1579","플래티넘 엔드","이능력","악마 또는 천사",NA,NA,NA,NA
"1580","피쉬프렌즈 : 알록이의 신비한 모험","발랄가볍",NA,NA,NA,NA,NA
"1581","피아노의 숲","먼치킨",NA,NA,NA,NA,NA
"1582","피아체볼레","발랄가볍",NA,NA,NA,NA,NA
"1583","피치 보이 리버사이드","요괴 및 괴물",NA,NA,NA,NA,NA
"1584","핑구 시즌 1","동물",NA,NA,NA,NA,NA
"1585","핑구 시즌 2","동물",NA,NA,NA,NA,NA
"1586","핑구 시즌 3","동물",NA,NA,NA,NA,NA
"1587","핑구 시즌 4","동물",NA,NA,NA,NA,NA
"1588","핑구 시즌 5","동물",NA,NA,NA,NA,NA
"1589","핑구 인 더 시티","동물",NA,NA,NA,NA,NA
"1590","핑크퐁 공룡동요 시즌 1","발랄가볍",NA,NA,NA,NA,NA
"1591","핑크퐁 동물동요 시즌 1","발랄가볍",NA,NA,NA,NA,NA
"1592","핑크퐁 상어가족과 노래해요 시즌 1","발랄가볍",NA,NA,NA,NA,NA
"1593","핑크퐁 생활습관 시즌 1","발랄가볍",NA,NA,NA,NA,NA
"1594","핑크퐁 수동요","발랄가볍",NA,NA,NA,NA,NA
"1595","핑크퐁 안전 동요","발랄가볍",NA,NA,NA,NA,NA
"1596","핑크퐁 열 꼬마 친구들","발랄가볍",NA,NA,NA,NA,NA
"1597","핑크퐁 원더스타 part 1","발랄가볍",NA,NA,NA,NA,NA
"1598","핑크퐁 원더스타 part 2","발랄가볍",NA,NA,NA,NA,NA
"1599","핑크퐁 인체 동요","발랄가볍",NA,NA,NA,NA,NA
"1600","핑크퐁 자동차동요 시즌 1","발랄가볍",NA,NA,NA,NA,NA
"1601","핑크퐁 한글동요 시즌 1","발랄가볍",NA,NA,NA,NA,NA
"1602","핑크퐁 한글이 팡팡","발랄가볍",NA,NA,NA,NA,NA
"1603","하나모노가타리 - 판권 부활","미소녀","요괴 및 괴물","뱀파이어",NA,NA,NA
"1604","하니와 숲속친구들","발랄가볍",NA,NA,NA,NA,NA
"1605","하루카나 리시브","열혈","발랄가볍",NA,NA,NA,NA
"1606","하얀 모래의 아쿠아톱 part 1","동물",NA,NA,NA,NA,NA
"1607","하얀 모래의 아쿠아톱 part 2","미소녀","동물",NA,NA,NA,NA
"1608","하울의 움직이는 성","귀여움",NA,NA,NA,NA,NA
"1609","하이스쿨 D×D HERO","열혈","악마 또는 천사","싸우는 미소녀","먼치킨",NA,NA
"1610","하이큐!! 1기","열혈",NA,NA,NA,NA,NA
"1611","하이큐!! TO THE TOP part 1","열혈",NA,NA,NA,NA,NA
"1612","하이큐!! TO THE TOP part 2","열혈",NA,NA,NA,NA,NA
"1613","하이큐!! 카라스노 고교 VS 시라토리자와학원 고교 (3기)","열혈",NA,NA,NA,NA,NA
"1614","하카타 돈코츠 라멘즈","탐정","미소년",NA,NA,NA,NA
"1615","하카타 멘타이 피리카라코짱","발랄가볍",NA,NA,NA,NA,NA
"1616","학교괴담","요괴 및 괴물","귀신","교복",NA,NA,NA
"1617","학교생활!","미소녀","좀비","발랄가볍","교복",NA,NA
"1618","학전도시 애스터리스크","이능력","싸우는 미소녀","발랄가볍","먼치킨",NA,NA
"1619","학전도시 애스터리스크 2기","이능력","싸우는 미소녀","발랄가볍","먼치킨",NA,NA
"1620","한다 군 - 판권 부활","발랄가볍","교복","미소년",NA,NA,NA
"1621","한밤의 오컬트 공무원 OVA","요괴 및 괴물","귀신",NA,NA,NA,NA
"1622","합체팽이 인피니티 나도","발랄가볍",NA,NA,NA,NA,NA
"1623","허구추리","귀신",NA,NA,NA,NA,NA
"1624","헌드레드","군인","먼치킨",NA,NA,NA,NA
"1625","헬싱 얼티메이트 OVA","뱀파이어","먼치킨",NA,NA,NA,NA
"1626","현자의 손자","먼치킨",NA,NA,NA,NA,NA
"1627","혈계전선 & 비욘드","이능력","열혈",NA,NA,NA,NA
"1628","호기심대장 카토","발랄가볍",NA,NA,NA,NA,NA
"1629","호기와 노래해요 시즌 1","발랄가볍",NA,NA,NA,NA,NA
"1630","호기와 색깔놀이 시즌 1","발랄가볍",NA,NA,NA,NA,NA
"1631","호리미야","주체적 여성","발랄가볍",NA,NA,NA,NA
"1632","호오즈키의 냉철 2기","요괴 및 괴물",NA,NA,NA,NA,NA
"1633","호오즈키의 냉철 2기 두 번째","요괴 및 괴물",NA,NA,NA,NA,NA
"1634","회복술사의 재시작","먼치킨",NA,NA,NA,NA,NA
"1635","후로티 로봇","발랄가볍",NA,NA,NA,NA,NA
"1636","후르츠 바스켓 1기","동물",NA,NA,NA,NA,NA
"1637","후르츠 바스켓 2기","동물",NA,NA,NA,NA,NA
"1638","후르츠 바스켓 더 파이널","동물",NA,NA,NA,NA,NA
"1639","흐린 하늘에 웃다 외전 1 : 결별, 야마이누의 맹세","이능력",NA,NA,NA,NA,NA
"1640","흐린 하늘에 웃다 외전 2 : 숙명 쌍두의 후마","이능력",NA,NA,NA,NA,NA
"1641","흐린 하늘에 웃다 외전 3 : 벚꽃, 천망의 가교","이능력",NA,NA,NA,NA,NA
"1642","흑집사 : 북 오브 더 아틀란틱","악마 또는 천사","먼치킨",NA,NA,NA,NA
"1643","흑집사 : 북 오브 서커스","악마 또는 천사","먼치킨",NA,NA,NA,NA
"1644","흡혈귀는 툭하면 죽는다","뱀파이어","헌터",NA,NA,NA,NA
"1645","히나로지 ~from Luck & Logic~","미소녀","발랄가볍",NA,NA,NA,NA
"1646","히나마츠리","이능력",NA,NA,NA,NA,NA
"1647","히노마루 스모","열혈",NA,NA,NA,NA,NA
"1648","히어로 써클","히어로","이능력","발랄가볍",NA,NA,NA
"1649","히프노시스 마이크 -Division Rap Battle-","미소년",NA,NA,NA,NA,NA
